nombre_articulo,descripcion,modulo,ubicacion,asignacion,estado,fecha_de_adquisición,marca,codigo_interno,stock_actual,stock_critico,unidad_medida,es_perecible,grupo,categoria,presentacion,proveedor_referencia,medida,porcentaje_desperdicio,cantidad_minima,precio_referencial
ACEITE DE AJONJOLI,ABARROTES / ACEITES,Gastronomia,54achd64fg,86ao0esop6,Activo,2026-04-27,SESAME,1,0,0,L,No,ABARROTES,ACEITES,BOT X 0.250 L,DEL CARMEN,1000,0,,30
ACEITE DE MAIZ,ABARROTES / ACEITES,Gastronomia,54achd64fg,86ao0esop6,Activo,2026-04-27,A - 1,2,0,0,L,No,ABARROTES,ACEITES,BOT x 1 L,DEL CARMEN,1000,0,,10.5
ACEITE DE OLIVA,ABARROTES,Gastronomia,54achd64fg,86ao0esop6,Activo,2026-04-27,OLIBU,3,0,0,L,No,ABARROTES,,BOT X 5L,DEL CARMEN,1000,0,,27
ACEITE DE FRITURA PROFUNDA,ABARROTES / ACEITES,Gastronomia,54achd64fg,86ao0esop6,Activo,2026-04-27,CRISOL,74,0,0,L,No,ABARROTES,ACEITES,BALDEX20L,DEL CARMEN,,,,0.010635666584219638
ACEITE VEGETAL,ABARROTES,Gastronomia,54achd64fg,86ao0esop6,Activo,2026-04-27,FRIOL,4,0,0,L,No,ABARROTES,,BALDE X 20 L,DEL CARMEN,1,0,,8.25
ACEITUNA NEGRA,VERDURAS,Gastronomia,54achd64fg,86ao0esop6,Activo,2026-04-27,GRANEL,5,0,0,K,Si,VERDURAS,,GRANEL,DEL CARMEN,1000,0.1,,10
ACEITUNA VERDE,VERDURAS,Gastronomia,54achd64fg,86ao0esop6,Activo,2026-04-27,GRANEL,6,0,0,K,Si,VERDURAS,,GRANEL,DEL CARMEN,1000,0.1,,10
ACELGA,VERDURAS,Gastronomia,54achd64fg,86ao0esop6,Activo,2026-04-27,SIN MARCA,7,0,0,ATD,Si,VERDURAS,,GRANEL,DEL CARMEN,1,0.1,,1.8
ACHIOTE ENTERO,ABARROTES,Gastronomia,54achd64fg,86ao0esop6,Activo,2026-04-27,SIN MARCA,8,0,0,K,No,ABARROTES,,GRANEL,DEL CARMEN,1000,0,,20
ACIDO CITRICO,ABARROTES,Gastronomia,54achd64fg,86ao0esop6,Activo,2026-04-27,SIN MARCA,836,0,0,K,No,ABARROTES,,GRANEL,,1000,0,,
ACIDO TARTARICO,ABARROTES,Gastronomia,54achd64fg,86ao0esop6,Activo,2026-04-27,SIN MARCA,837,0,0,K,No,ABARROTES,,GRANEL,,1000,0,,
AGAR AGAR,ABARROTES,Gastronomia,54achd64fg,86ao0esop6,Activo,2026-04-27,PASSION FOODS,866,0,0,K,Si,ABARROTES,,GRANEL,PASSSION FOODS,1000,0,,200.00999999999996
AGUA CON GAS,ABARROTES,Gastronomia,54achd64fg,86ao0esop6,Activo,2026-04-27,SAN LUIS,9,0,0,L,No,ABARROTES,,BOT X 0.650 L,DEL CARMEN,1000,0,,0.95
AGUA SIN GAS,ABARROTES,Gastronomia,54achd64fg,86ao0esop6,Activo,2026-04-27,SAN LUIS,10,0,0,L,No,ABARROTES,,BOT X 0.650 L,DEL CARMEN,1000,0,,1.846153846153846
AGUA TONICA,ABARROTES,Gastronomia,54achd64fg,86ao0esop6,Activo,2026-04-27,BACKUS,11,0,0,L,No,ABARROTES,,BOTELLA,DEL CARMEN,1,0,,3.25
ARANDANOS,FRUTA,Gastronomia,54achd64fg,86ao0esop6,Activo,2026-04-27,,,0,0,K,No,FRUTA,,,VERDIFRUT,,,,25
AGUAYMANTO,FRUTA,Gastronomia,54achd64fg,86ao0esop6,Activo,2026-04-27,SIN MARCA,12,0,0,K,Si,FRUTA,,GRANEL,DEL CARMEN,1000,0,,9
AJI CHARAPITA,VERDURAS,Gastronomia,54achd64fg,86ao0esop6,Activo,2026-04-27,SIN MARCA,13,0,0,K,Si,VERDURAS,,GRANEL,DEL CARMEN,1000,0,,35
AJI LIMO,VERDURAS,Gastronomia,54achd64fg,86ao0esop6,Activo,2026-04-27,SIN MARCA,14,0,0,K,Si,VERDURAS,,GRANEL,DEL CARMEN,1000,0,,10
AJI MIRASOL,VERDURAS,Gastronomia,54achd64fg,86ao0esop6,Activo,2026-04-27,SIN MARCA,15,0,0,K,No,VERDURAS,,GRANEL,DEL CARMEN,1000,0,,20
AJI PANCA,VERDURAS,Gastronomia,54achd64fg,86ao0esop6,Activo,2026-04-27,SIN MARCA,16,0,0,K,No,VERDURAS,,GRANEL,DEL CARMEN,1000,0,,20
AJI PAPRIKA MOLIDO,ABARROTES,Gastronomia,54achd64fg,86ao0esop6,Activo,2026-04-27,GRANEL,17,0,0,K,No,ABARROTES,,GRANEL,DEL CARMEN,1000,0,,14
AJI PAPRIKA SECO,VERDURAS,Gastronomia,54achd64fg,86ao0esop6,Activo,2026-04-27,SIN MARCA,18,0,0,k,No,VERDURAS,,GRANEL,DEL CARMEN,1000,0,,14
AJI VERDE,VERDURAS,Gastronomia,54achd64fg,86ao0esop6,Activo,2026-04-27,SIN MARCA,19,0,0,K,Si,VERDURAS,,GRANEL,DEL CARMEN,1000,0,,5
AJO,VERDURAS,Gastronomia,54achd64fg,86ao0esop6,Activo,2026-04-27,SIN MARCA,20,0,0,K,Si,VERDURAS,,GRANEL,DEL CARMEN,1000,0,,10
AJO PELADO,VERDURAS,Gastronomia,54achd64fg,86ao0esop6,Activo,2026-04-27,SIN MARCA,21,0,0,k,Si,VERDURAS,,GRANEL,DEL CARMEN,1000,0,,7.5
AJO POLVO,ABARROTES,Gastronomia,54achd64fg,86ao0esop6,Activo,2026-04-27,SIN MARCA,22,0,0,K,No,ABARROTES,,GRANEL,DEL CARMEN,1000,0,,23
AJONJOLI,ABARROTES,Gastronomia,54achd64fg,86ao0esop6,Activo,2026-04-27,SIN MARCA,23,0,0,K,No,ABARROTES,,GRANEL,DEL CARMEN,1000,0,,22
AJONJOLI NEGRO,ABARROTES,Gastronomia,54achd64fg,86ao0esop6,Activo,2026-04-27,SIN MARCA,24,0,0,K,No,ABARROTES,,GRANEL,DEL CARMEN,1000,0,,18
ALAS DE POLLO,CARNICO / AVES,Gastronomia,54achd64fg,86ao0esop6,Activo,2026-04-27,RICO POLLO,25,0,0,K,Si,CARNICO,AVES,GRANEL,MARVE,1000,0.15,,10.5
ALBAHACA,VERDURAS,Gastronomia,54achd64fg,86ao0esop6,Activo,2026-04-27,SIN MARCA,26,0,0,ATD,Si,VERDURAS,,GRANEL,DEL CARMEN,1000,0.1,,2
ALCACHOFA,VERDURAS,Gastronomia,54achd64fg,86ao0esop6,Activo,2026-04-27,SIN MARCA,27,0,0,U,Si,VERDURAS,,GRANEL,DEL CARMEN,1,0,,1.5
ALCAPARRAS,ABARROTES,Gastronomia,54achd64fg,86ao0esop6,Activo,2026-04-27,SANTIS,28,0,0,K,No,ABARROTES,,FCO X 0.100 K,DEL CARMEN,1,0,,68
ALCOHOL,ABARROTES,Gastronomia,54achd64fg,86ao0esop6,Activo,2026-04-27,SIN MARCA,29,0,0,L,No,ABARROTES,,BOT X 0.5 L,DEL CARMEN,1000,0,,11
ALGARROBINA,ABARROTES,Gastronomia,54achd64fg,86ao0esop6,Activo,2026-04-27,EL SOMBRERITO,30,0,0,L,No,ABARROTES,,BOT X 0.500 L,DEL CARMEN,1000,0,,9.8
ALGINATO DE SODIO,ABARROTES,Gastronomia,54achd64fg,86ao0esop6,Activo,2026-04-27,PASSION FOODS,867,0,0,K,Si,ABARROTES,,GRANEL,PASSSION FOODS,1000,0,,400.02
ALMEJAS,CARNICOP / PESCADOS Y MARISCOS,Gastronomia,54achd64fg,86ao0esop6,Activo,2026-04-27,SIN MARCA,31,0,0,DOC,Si,CARNICOP,PESCADOS Y MARISCOS,GRANEL,CHELITA,12,0,,5
ALMENDRAS,ABARROTES,Gastronomia,54achd64fg,86ao0esop6,Activo,2026-04-27,SIN MARCA,32,0,0,K,No,ABARROTES,,GRANEL,DEL CARMEN,1000,0,,38
ALUMINIO,ABARROTES,Gastronomia,54achd64fg,86ao0esop6,Activo,2026-04-27,PREMIER,33,0,0,U,No,ABARROTES,,CAJA MEDIANA,DEL CARMEN,1,0,,5
ALVERJAS PELADAS,,Gastronomia,54achd64fg,86ao0esop6,Activo,2026-04-27,,,0,0,Sin unidad,Si,,,,,,,,15
ALVERJAS,VERDURAS,Gastronomia,54achd64fg,86ao0esop6,Activo,2026-04-27,SIN MARCA,34,0,0,K,Si,VERDURAS,,GRANEL,DEL CARMEN,1000,0.1,,7
ALVERJAS SECAS,ABARROTES,Gastronomia,54achd64fg,86ao0esop6,Activo,2026-04-27,GRANEL,35,0,.,K,No,ABARROTES,,GRANEL,DEL CARMEN,1000,0,.,5
AMARETTO,ABARROTES,Gastronomia,54achd64fg,86ao0esop6,Activo,2026-04-27,DU BOUCHETT,36,0,0,L,No,ABARROTES,,BOT X 1 L,DON PEDRITO,1,0,,40
AMARETTO BOLS,ABARROTES,Gastronomia,54achd64fg,86ao0esop6,Activo,2026-04-27,BOLS,37,0,0,L,No,ABARROTES,,BOT X 0.750 L,DON PEDRITO,1,0,,20
AMARGO DE ANGOSTURA,ABARROTES,Gastronomia,54achd64fg,86ao0esop6,Activo,2026-04-27,WISLAN,38,0,0,L,No,ABARROTES,,BOT X 0.075 L,DEL CARMEN,1000,0,,90.66666666666667
ANCHOAS,ABARROTES,Gastronomia,54achd64fg,86ao0esop6,Activo,2026-04-27,EL CANDELABRO,39,0,0,K,Si,ABARROTES,,FRAS X 0.100 K,DEL CARMEN,1000,0,,75
ANIS,ABARROTES,Gastronomia,54achd64fg,86ao0esop6,Activo,2026-04-27,SIN MARCA,40,0,0,K,No,ABARROTES,,GRANEL,LA MEJOR,1000,0,,19.5
ANIS ESTRELLA,ABARROTES,Gastronomia,54achd64fg,86ao0esop6,Activo,2026-04-27,SIN MARCA,41,0,0,K,No,ABARROTES,,GRANEL,DEL CARMEN,1000,0,,35
ANIS RICARD,ABARROTES,Gastronomia,54achd64fg,86ao0esop6,Activo,2026-04-27,RICARD,43,0,0,L,No,ABARROTES,,BOTELLA,DON PEDRITO,1000,0,,70
ANISADO VERDE,ABARROTES,Gastronomia,54achd64fg,86ao0esop6,Activo,2026-04-27,ANIS NAJAR,42,0,0,L,No,ABARROTES,,BOT X 0.750 L,DON PEDRITO,1,0,,24
ANTIMOHO,ABARROTES,Gastronomia,54achd64fg,86ao0esop6,Activo,2026-04-27,SIN MARCA,44,0,0,K,No,ABARROTES,,GRANEL,DEL CARMEN,1000,0,,17
APIO,VERDURAS,Gastronomia,54achd64fg,86ao0esop6,Activo,2026-04-27,SIN MARCA,45,0,0,U,Si,VERDURAS,,GRANEL,DEL CARMEN,1,0.05,,1.5
ARANDANOS DESHIDRTADOS,,Gastronomia,54achd64fg,86ao0esop6,Activo,2026-04-27,,811,0,0,K,Si,,,,,1000,0,,
ARROZ,ABARROTES,Gastronomia,54achd64fg,86ao0esop6,Activo,2026-04-27,GRANEL,46,0,0,K,No,ABARROTES,,SACO X 50 K,DEL CARMEN,1000,0,,3.3
ARROZ ARBOREO,ABARROTES,Gastronomia,54achd64fg,86ao0esop6,Activo,2026-04-27,COSTEÑO,47,0,0,K,No,ABARROTES,,BOLSA X 0.750 K,DEL CARMEN,1000,0,,6.5
ARROZ BOTAN,,Gastronomia,54achd64fg,86ao0esop6,Activo,2026-04-27,,808,0,0,PQT,Si,,,,,1000,0,,
ARROZ MIYAKO,ABARROTES,Gastronomia,54achd64fg,86ao0esop6,Activo,2026-04-27,KINTO,50,0,0,K,No,ABARROTES,,BOLSA X 1K,DEL CARMEN,1000,0,,7.5
ARROZ PARBOILED,ABARROTES,Gastronomia,54achd64fg,86ao0esop6,Activo,2026-04-27,COSTEÑO,51,0,0,K,No,ABARROTES,,BOLSA X 0.750 K,DEL CARMEN,1000,0,,5.333333333333333
ARUGULA,VERDURAS,Gastronomia,54achd64fg,86ao0esop6,Activo,2026-04-27,SIN MARCA,52,0,0,ATD,Si,VERDURAS,,GRANEL,DEL CARMEN,1,0.05,,3.35
ATUN FILETE,ABARROTES,Gastronomia,54achd64fg,86ao0esop6,Activo,2026-04-27,A - 1,53,0,0,K,Si,ABARROTES,,LATA X 0.170 K,DEL CARMEN,1,0,,29.41
AVENA,ABARROTES,Gastronomia,54achd64fg,86ao0esop6,Activo,2026-04-27,GRANEL,54,0,0,K,No,ABARROTES,,GRANEL,DEL CARMEN,1000,0,,6
AZAFRAN,ABARROTES,Gastronomia,54achd64fg,86ao0esop6,Activo,2026-04-27,LA NONNA,55,0,0,U,No,ABARROTES,,SOBRE POR 1GR,DEL CARMEN,1,0,,5.5
AZUCAR BLANCA,ABARROTES,Gastronomia,54achd64fg,86ao0esop6,Activo,2026-04-27,GRANEL,56,0,0,K,No,ABARROTES,,SACO X 5OK,LA MEJOR,1000,0,,2.67
AZUCAR IMPALPABLE NEGRITA,ABARROTES,Gastronomia,54achd64fg,86ao0esop6,Activo,2026-04-27,NEGRITA,57,0,0,K,No,ABARROTES,,BOLSA X 1K,DEL CARMEN,1000,0,,6.66
AZUCAR INVERTIDA,ABARROTES,Gastronomia,54achd64fg,86ao0esop6,Activo,2026-04-27,SIN MARCA,835,0,0,K,Si,ABARROTES,,GRANEL,,1000,0,,
AZUCAR RUBIA,ABARROTES,Gastronomia,54achd64fg,86ao0esop6,Activo,2026-04-27,GRANEL,58,0,0,K,No,ABARROTES,,GRANEL,DEL CARMEN,1000,0,,3
BAILEYS,ABARROTES,Gastronomia,54achd64fg,86ao0esop6,Activo,2026-04-27,BAILEYS,59,0,0,L,No,ABARROTES,,BOTELLA,DON PEDRITO,1,0,,42
BARBIJOS,ABARROTES,Gastronomia,54achd64fg,86ao0esop6,Activo,2026-04-27,GOLGEN MEDIC,81,0,0,U,No,ABARROTES,,CAJA,MAKRO,1000,8,,9.8
base de torta de tecnopor,ABARROTES,Gastronomia,54achd64fg,86ao0esop6,Activo,2026-04-27,SIN MARCA,60,0,0,U,No,ABARROTES,,BOLSA,PIÑATERIA,1000,0,,3
BERENJENA,VERDURAS,Gastronomia,54achd64fg,86ao0esop6,Activo,2026-04-27,SIN MARCA,61,0,0,U,Si,VERDURAS,,GRANEL,DEL CARMEN,1,0.05,,3
BETERRAGA,VERDURAS,Gastronomia,54achd64fg,86ao0esop6,Activo,2026-04-27,SIN MARCA,62,0,0,K,Si,VERDURAS,,GRANEL,DEL CARMEN,1000,0.05,,3.4
BICARBONATO,ABARROTES,Gastronomia,54achd64fg,86ao0esop6,Activo,2026-04-27,GRANEL,63,0,0,K,No,ABARROTES,,GRANEL,DEL CARMEN,1000,0,,10
BIFE ANGOSTO,CARNICO / RES,Gastronomia,54achd64fg,86ao0esop6,Activo,2026-04-27,SIN MARCA,64,0,0,K,Si,CARNICO,RES,GRANEL,MARVE,1000,0,,33
BISTECK DE RES,CARNICO / RES,Gastronomia,54achd64fg,86ao0esop6,Activo,2026-04-27,SIN MARCA,65,0,0,K,Si,CARNICO,RES,GRANEL,MARVE,1000,0.05,,30
BIZCOCHO CHANCAY,ABARROTES,Gastronomia,54achd64fg,86ao0esop6,Activo,2026-04-27,SIN MARCA,66,0,0,U,No,ABARROTES,,BOLSA X 8U,LAS AMERICAS,12,0,,4
BOC CHOY,VERDURAS,Gastronomia,54achd64fg,86ao0esop6,Activo,2026-04-27,SIN MARCA,67,0,0,U,Si,VERDURAS,,GRANEL,DEL CARMEN,1,0,,2
BOFE DE RES,CARNICO / RES,Gastronomia,54achd64fg,86ao0esop6,Activo,2026-04-27,SIN MARCA,68,0,0,K,Si,CARNICO,RES,GRANEL,SAN CAMILO,1000,0,,3
BOLSA 10 X 15,ABARROTES,Gastronomia,54achd64fg,86ao0esop6,Activo,2026-04-27,MATIC,69,0,0,U,No,ABARROTES,,PAQUETE X 1U,DEL CARMEN,1000,0,,10.5
BOLSA 4 X 8,ABARROTES,Gastronomia,54achd64fg,86ao0esop6,Activo,2026-04-27,MATIC,73,0,0,U,No,ABARROTES,,PAQ X 1U,DEL CARMEN,1000,9,,10.5
BOLSA 5 X 10,ABARROTES,Gastronomia,54achd64fg,86ao0esop6,Activo,2026-04-27,MATIC,74,0,0,U,No,ABARROTES,,PAQ X 1U,DEL CARMEN,1000,10,,10.5
BOLSA 6 X 12,ABARROTES,Gastronomia,54achd64fg,86ao0esop6,Activo,2026-04-27,MATIC,70,0,0,U,No,ABARROTES,,PAQUETE X 1U,DEL CARMEN,1000,0,,10.5
BOLSA 8 X 12,ABARROTES,Gastronomia,54achd64fg,86ao0esop6,Activo,2026-04-27,MATIC,71,0,0,U,No,ABARROTES,,PAQUETE X 1U,DEL CARMEN,1000,0,,10.5
BONITO,CARNICOP / PESCADOS Y MARISCOS,Gastronomia,54achd64fg,86ao0esop6,Activo,2026-04-27,SIN MARCA,72,0,0,K,Si,CARNICOP,PESCADOS Y MARISCOS,GRANEL,CHELITA,1000,0,,8
BRANDY,ABARROTES,Gastronomia,54achd64fg,86ao0esop6,Activo,2026-04-27,BARDINET,75,0,0,L,No,ABARROTES,,BOT,DON PEDRITO,1,0,,40
BRAZUELO CORDERO,CARNICO / CORDERO,Gastronomia,54achd64fg,86ao0esop6,Activo,2026-04-27,SIN MARCA,76,0,0,K,Si,CARNICO,CORDERO,GRANEL,MARVE,1000,0,,25
BRILLO NEUTRO,ABARROTES,Gastronomia,54achd64fg,86ao0esop6,Activo,2026-04-27,GRANEL,77,0,0,K,Si,ABARROTES,,TAPER X 1 K,MAS VENTAS,1000,0,,8.5
BROCHETAS MADERA,ABARROTES,Gastronomia,54achd64fg,86ao0esop6,Activo,2026-04-27,SIN MARCA,78,0,0,U,No,ABARROTES,,BOLSA,DEL CARMEN,1000,0,,2.5
BROCOLI,VERDURAS,Gastronomia,54achd64fg,86ao0esop6,Activo,2026-04-27,SIN MARCA,79,0,0,K,Si,VERDURAS,,GRANEL,DEL CARMEN,1000,0.1,,4
BROTE ALFALFA,VERDURAS,Gastronomia,54achd64fg,86ao0esop6,Activo,2026-04-27,SIN MARCA,80,0,0,U,Si,VERDURAS,,CAJA X 0.100 K,DEL CARMEN,1000,0,,50
brotes mix,,Gastronomia,54achd64fg,86ao0esop6,Activo,2026-04-27,,806,0,0,Sin unidad,Si,,,,DEL CARMEN,1000,0,,
BULBO HINOJO,VERDURAS,Gastronomia,54achd64fg,86ao0esop6,Activo,2026-04-27,SIN MARCA,82,0,0,U,Si,VERDURAS,,GRANEL,DEL CARMEN,1,0,,4
CABEZA CERDO COCIDA,CARNICO / CERDO,Gastronomia,54achd64fg,86ao0esop6,Activo,2026-04-27,SIN MARCA,83,0,0,K,Si,CARNICO,CERDO,GRANEL,MARVE,1000,0,,14
CABRILLA ENTERA,CARNICOP / PESCADOS Y MARISCOS,Gastronomia,54achd64fg,86ao0esop6,Activo,2026-04-27,SIN MARCA,84,0,0,K,Si,CARNICOP,PESCADOS Y MARISCOS,GRANEL,CHELITA,1000,0.3,,28
CACHAZA,ABARROTES,Gastronomia,54achd64fg,86ao0esop6,Activo,2026-04-27,CACHAZA,85,0,0,L,No,ABARROTES,,BOT X 0.750 L,DON PEDRITO,1000,0,,35
CACHAZA PITU,ABARROTES,Gastronomia,54achd64fg,86ao0esop6,Activo,2026-04-27,PITU,86,0,0,L,No,ABARROTES,,BOTELLA,DON PEDRITO,1,0,,24
CABEZA DE CORDERO,CARNICO,Gastronomia,54achd64fg,86ao0esop6,Activo,2026-04-27,,,0,0,K,No,CARNICO,,,,,,,50
CADERA RES,CARNICO / RES,Gastronomia,54achd64fg,86ao0esop6,Activo,2026-04-27,SIN MARCA,87,0,0,K,Si,CARNICO,RES,GRANEL,MARVE,1000,0.1,,39
CAFÉ BARISTA PALACIOS,ABARROTES,Gastronomia,54achd64fg,86ao0esop6,Activo,2026-04-27,PALACIOS,845,0,0,K,Si,ABARROTES,,BOLSA,CAFÉ PALACIOS,1,0,,55
CAFÉ BARISTA VALENZUELA,ABARROTES,Gastronomia,54achd64fg,86ao0esop6,Activo,2026-04-27,VALENZUELA,847,0,0,K,Si,ABARROTES,,BOLSA,CAFÉ VALENZUELA,1,0,,25
CAFÉ EN GRANO,ABARROTES,Gastronomia,54achd64fg,86ao0esop6,Activo,2026-04-27,valenzuela,862,0,0,BOT,Si,ABARROTES,,GRANEL,DEL CARMEN,1000,0,,100
CAFE INSTANTANEO,ABARROTES,Gastronomia,54achd64fg,86ao0esop6,Activo,2026-04-27,NESCAFE,90,0,0,K,No,ABARROTES,,TARRO X 500K,DEL CARMEN,1,0,,58
CAIGUA,VERDURAS,Gastronomia,54achd64fg,86ao0esop6,Activo,2026-04-27,SIN MARCA,92,0,0,K,Si,VERDURAS,,GRANEL,DEL CARMEN,1000,0,,3.5
CALABAZA,VERDURAS,Gastronomia,54achd64fg,86ao0esop6,Activo,2026-04-27,SIN MARCA,93,0,0,K,Si,VERDURAS,,GRANEL,DEL CARMEN,1000,0.1,,2
CALAMAR,CARNICOP / PESCADOS Y MARISCOS,Gastronomia,54achd64fg,86ao0esop6,Activo,2026-04-27,SIN MARCA,94,0,0,K,Si,CARNICOP,PESCADOS Y MARISCOS,GRANEL,CHELITA,1000,0.15,,40
CAMARON CHICO,CARNICOP / PESCADOS Y MARISCOS,Gastronomia,54achd64fg,86ao0esop6,Activo,2026-04-27,SIN MARCA,95,0,0,K,Si,CARNICOP,PESCADOS Y MARISCOS,GRANEL,CHELITA,1000,0.6,,42
CAMARON GRANDE,CARNICOP / PESCADOS Y MARISCOS,Gastronomia,54achd64fg,86ao0esop6,Activo,2026-04-27,SIN MARCA,96,0,0,K,Si,CARNICOP,PESCADOS Y MARISCOS,GRANEL,CHELITA,1000,,,60
CAMARON MEDIANO,CARNICOP / PESCADOS Y MARISCOS,Gastronomia,54achd64fg,86ao0esop6,Activo,2026-04-27,SIN MARCA,97,0,0,K,Si,CARNICOP,PESCADOS Y MARISCOS,GRANEL,CHELITA,1000,,,60
CAMOTE LIMEÑO,VERDURAS,Gastronomia,54achd64fg,86ao0esop6,Activo,2026-04-27,SIN MARCA,98,0,0,K,Si,VERDURAS,,GRANEL,DEL CARMEN,1000,0.1,,3.5
CAMOTE MORADO,VERDURAS,Gastronomia,54achd64fg,86ao0esop6,Activo,2026-04-27,SIN MARCA,99,0,0,K,Si,VERDURAS,,GRANEL,DEL CARMEN,1000,0.1,,2
CAMPARI BITTER,ABARROTES,Gastronomia,54achd64fg,86ao0esop6,Activo,2026-04-27,CAMPARI,100,0,0,L,No,ABARROTES,,BOTELLA,DON PEDRITO,1,0,,36
CANADA DRY,ABARROTES,Gastronomia,54achd64fg,86ao0esop6,Activo,2026-04-27,CANADA DRY,101,0,0,L,No,ABARROTES,,BOTELLA,DON PEDRITO,1000,0,,5
CANELA CHINA,ABARROTES,Gastronomia,54achd64fg,86ao0esop6,Activo,2026-04-27,LONGEVITI,102,0,0,K,No,ABARROTES,,BOLSA X 0.113,DEL CARMEN,1000,0,,137.5
CANELA POLVO,ABARROTES,Gastronomia,54achd64fg,86ao0esop6,Activo,2026-04-27,SIN MARCA,103,0,0,K,No,ABARROTES,,GRANEL,DEL CARMEN,1000,0,,52
CANELA RAMA,ABARROTES,Gastronomia,54achd64fg,86ao0esop6,Activo,2026-04-27,SIN MARCA,104,0,0,K,No,ABARROTES,,GRANEL,DEL CARMEN,1000,0,,75.2
CANGREJO,CARNICOP / PESCADOS Y MARISCOS,Gastronomia,54achd64fg,86ao0esop6,Activo,2026-04-27,SIN MARCA,105,0,0,U,Si,CARNICOP,PESCADOS Y MARISCOS,GRANEL,CHELITA,1,0.4,,6
CANILLAS DE CORDERO,CARNICO,Gastronomia,54achd64fg,86ao0esop6,Activo,2026-04-27,SIN MARCA,854,0,0,K,Si,CARNICO,,K,,1000,0,,18
CAÑIHUACO,ABARROTES,Gastronomia,54achd64fg,86ao0esop6,Activo,2026-04-27,SIN MARCA,106,0,0,K,No,ABARROTES,,BOLSA X 0.200 K,DEL CARMEN,1000,0,,25
CARAMBOLA,FRUTA,Gastronomia,54achd64fg,86ao0esop6,Activo,2026-04-27,SIN MARCA,107,0,0,K,Si,FRUTA,,GRANEL,DEL CARMEN,1000,0,,4
CARAMELINA,ABARROTES,Gastronomia,54achd64fg,86ao0esop6,Activo,2026-04-27,DULCIMASS,108,0,0,L,No,ABARROTES,,BOT X 1 L,DEL CARMEN,1000,0,,12
CARBON,ABARROTES,Gastronomia,54achd64fg,86ao0esop6,Activo,2026-04-27,NEGRITO,109,0,0,K,No,ABARROTES,,BOLSA X 3 K,MAKRO,1000,0,,74
CARGA SIFON,ABARROTES,Gastronomia,54achd64fg,86ao0esop6,Activo,2026-04-27,CHEF MASTER,110,0,0,U,No,ABARROTES,,CAJA X 24 U,FRANCO,1000,0,,83
CARNE ALPACA,CARNICO / ALPACA,Gastronomia,54achd64fg,86ao0esop6,Activo,2026-04-27,SIN MARCA,111,0,0,K,Si,CARNICO,ALPACA,GRANEL,MARVE,,,,16
CARNE DE CORDERO,CARNICO / CORDERO,Gastronomia,54achd64fg,86ao0esop6,Activo,2026-04-27,SIN MARCA,112,0,0,K,Si,CARNICO,CORDERO,GRANEL,MARVE,1000,0.03,,20
CARNE DE SOYA (TIPO RES),ABARROTES,Gastronomia,54achd64fg,86ao0esop6,Activo,2026-04-27,SEIPROSA,113,0,0,K,No,ABARROTES,,BOLSA X 0.250 K,DEL CARMEN,1,0,,18
CARNE MOLIDA CERDO,CARNICO / CERDO,Gastronomia,54achd64fg,86ao0esop6,Activo,2026-04-27,SIN MARCA,114,0,0,K,Si,CARNICO,CERDO,GRANEL,MARVE,1000,0,,17.5
CARNE MOLIDA RES,CARNICO / RES,Gastronomia,54achd64fg,86ao0esop6,Activo,2026-04-27,SIN MARCA,115,0,0,K,Si,CARNICO,RES,GRANEL,MARVE,1000,0,,15
CARRE CERDO,CARNICO / CERDO,Gastronomia,54achd64fg,86ao0esop6,Activo,2026-04-27,SIN MARCA,116,0,0,K,Si,CARNICO,CERDO,GRANEL,MARVE,1000,0.01,,25
CARRE CORDERO,CARNICO / CORDERO,Gastronomia,54achd64fg,86ao0esop6,Activo,2026-04-27,SIN MARCA,117,0,0,K,Si,CARNICO,CORDERO,GRANEL,MARVE,1000,0.15,,17
CASTAÑA DE AGUA EN CONSERVA,ABARROTES,Gastronomia,54achd64fg,86ao0esop6,Activo,2026-04-27,,820,0,0,K,No,ABARROTES,,,,1000,0,,
CASTAÑA DE CAJU,ABARROTES,Gastronomia,54achd64fg,86ao0esop6,Activo,2026-04-27,SIN MARCA,118,0,0,K,No,ABARROTES,,GRANEL,DEL CARMEN,1000,0,,58
CASTAÑAS,ABARROTES,Gastronomia,54achd64fg,86ao0esop6,Activo,2026-04-27,SIN MARCA,119,0,0,K,No,ABARROTES,,GRANEL,DEL CARMEN,1000,0,,36
CEBOLLA BLANCA,VERDURAS,Gastronomia,54achd64fg,86ao0esop6,Activo,2026-04-27,SIN MARCA,120,0,0,K,Si,VERDURAS,,GRANEL,DEL CARMEN,1000,0.1,,4
CEBOLLA CHINA,VERDURAS,Gastronomia,54achd64fg,86ao0esop6,Activo,2026-04-27,SIN MARCA,121,0,0,ATD,Si,VERDURAS,,GRANEL,DEL CARMEN,1,0.1,,3
CEBOLLA ENCURTIDA (FRASCO),ABARROTES,Gastronomia,54achd64fg,86ao0esop6,Activo,2026-04-27,,855,0,0,FCO,Si,ABARROTES,,FCO,,1000,0,,16
CEBOLLA POLVO,ABARROTES,Gastronomia,54achd64fg,86ao0esop6,Activo,2026-04-27,SIN MARCA,122,0,0,K,No,ABARROTES,,GRANEL,DEL CARMEN,1000,0,,34
CEBOLLA ROJA,VERDURAS,Gastronomia,54achd64fg,86ao0esop6,Activo,2026-04-27,SIN MARCA,123,0,0,K,Si,VERDURAS,,GRANEL,DEL CARMEN,1000,0.1,,7
CEBOLLA VERDEO,VERDURAS,Gastronomia,54achd64fg,86ao0esop6,Activo,2026-04-27,SIN MARCA,124,0,0,ATD,Si,VERDURAS,,GRANEL,DEL CARMEN,1,0,,1.5
CECINA,CARNICO,Gastronomia,54achd64fg,86ao0esop6,Activo,2026-04-27,SIN MARCA,805,0,0,K,Si,CARNICO,,GRANEL,DEL CARMEN,1000,0,,44
CEDRON,VERDURAS,Gastronomia,54achd64fg,86ao0esop6,Activo,2026-04-27,SIN MARCA,125,0,0,ATD,Si,VERDURAS,,GRANEL,DEL CARMEN,1,0,,2
CERVEZA AREQUIPEÑA 330,ABARROTES,Gastronomia,54achd64fg,86ao0esop6,Activo,2026-04-27,AREQUIPEÑA,126,0,0,L,No,ABARROTES,,SIX PACK,DEL CARMEN,1,0,,7.828282828282829
CERVEZA CUSQUEÑA 330,ABARROTES,Gastronomia,54achd64fg,86ao0esop6,Activo,2026-04-27,CUSQUEÑA,128,0,0,L,No,ABARROTES,,SIX PACK,DEL CARMEN,1,0,,9.090909090909092
CERVEZA CUZQUEÑA 620,ABARROTES,Gastronomia,54achd64fg,86ao0esop6,Activo,2026-04-27,CUSQUEÑA,129,0,0,L,No,ABARROTES,,BOTELLA,DEL CARMEN,1,0,,7.258064516129032
CERVEZA ERDINGER 330,ABARROTES,Gastronomia,54achd64fg,86ao0esop6,Activo,2026-04-27,ERDINGER,130,0,0,L,No,ABARROTES,,BOTELLA,DEL CARMEN,1,0,,8
CERVEZA MALTA,ABARROTES,Gastronomia,54achd64fg,86ao0esop6,Activo,2026-04-27,CUZQUEÑA,853,0,0,U,Si,ABARROTES,,BOT,,1,0,,3.5
CERVEZA NEGRA 620,ABARROTES,Gastronomia,54achd64fg,86ao0esop6,Activo,2026-04-27,CUZQUEÑA,856,0,0,L,Si,ABARROTES,,BOT,,1000,0,,4
CERVEZA PILSEN 310,ABARROTES,Gastronomia,54achd64fg,86ao0esop6,Activo,2026-04-27,PILSEN,131,0,0,U,No,ABARROTES,,SIX PACK,DEL CARMEN,1,0,,8.870967741935484
CERVEZA PILSEN 620,ABARROTES,Gastronomia,54achd64fg,86ao0esop6,Activo,2026-04-27,PILSEN,132,0,0,U,No,ABARROTES,,BOTELLA,DEL CARMEN,1,0,,6.774193548387097
CHALONA,ABARROTES,Gastronomia,54achd64fg,86ao0esop6,Activo,2026-04-27,SIN MARCA,133,0,0,K,No,ABARROTES,,GRANEL,DEL CARMEN,1000,0,,28
CHAMPAGNE BRUT,ABARROTES,Gastronomia,54achd64fg,86ao0esop6,Activo,2026-04-27,KRUG,134,0,0,L,No,ABARROTES,,BOTELLA,DON PEDRITO,1000,0,,30
CHAMPIGNON FRESCO,VERDURAS,Gastronomia,54achd64fg,86ao0esop6,Activo,2026-04-27,DON HONGO,135,0,0,K,Si,VERDURAS,,PAQ X 200GR,DEL CARMEN,1000,0,,35
CHAMPIGNON LATA,VERDURAS,Gastronomia,54achd64fg,86ao0esop6,Activo,2026-04-27,SINTRO,136,0,0,K,Si,VERDURAS,,LATA X 0.425 K,DEL CARMEN,300,0,,25.2
CHANCACA,ABARROTES,Gastronomia,54achd64fg,86ao0esop6,Activo,2026-04-27,SIN MARCA,137,0,0,U,No,ABARROTES,,PAQUETE X 8U,DEL CARMEN,1,0,,0.375
CHANQUE,CARNICOP / PESCADOS Y MARISCOS,Gastronomia,54achd64fg,86ao0esop6,Activo,2026-04-27,SIN MARCA,138,0,0,K,Si,CARNICOP,PESCADOS Y MARISCOS,GRANEL,CHELITA,1000,0,,24
CHANTIPACK,ABARROTES,Gastronomia,54achd64fg,86ao0esop6,Activo,2026-04-27,PURATOS,139,0,0,L,No,ABARROTES,,CAJA X 1 L,DEL CARMEN,1,0,,17
CHARQUI,ABARROTES,Gastronomia,54achd64fg,86ao0esop6,Activo,2026-04-27,SIN MARCA,140,0,0,K,No,ABARROTES,,GRANEL,DEL CARMEN,1000,0,,22
CHICHA DE JORA,VERDURAS,Gastronomia,54achd64fg,86ao0esop6,Activo,2026-04-27,SIN MARCA,141,0,0,L,Si,VERDURAS,,GRANEL,DEL CARMEN,1000,0,,4
CHICHA DE JORA BLANCA,ABARROTES,Gastronomia,54achd64fg,86ao0esop6,Activo,2026-04-27,SIN MARCA,142,0,0,L,Si,ABARROTES,,BOT X 1 L,SAN CAMILO,1000,0,,2
CHICHA MORADA,ABARROTES,Gastronomia,54achd64fg,86ao0esop6,Activo,2026-04-27,GLORIA,143,0,0,L,No,ABARROTES,,BOTELLA X 0.50 LT,DEL CARMEN,1,0,,2.4
CHIFLES,ABARROTES,Gastronomia,54achd64fg,86ao0esop6,Activo,2026-04-27,GRANEL,145,0,0,K,No,ABARROTES,,GRANEL,DEL CARMEN,1000,3,,18
CHIJCHIPA,VERDURAS,Gastronomia,54achd64fg,86ao0esop6,Activo,2026-04-27,SIN MARCA,822,0,0,K,Si,VERDURAS,,GRANEL,,1000,0,,
CHILE PIQUIN,VERDURAS,Gastronomia,54achd64fg,86ao0esop6,Activo,2026-04-27,SIN MARCA,817,0,0,K,Si,VERDURAS,,GRANEL,,1000,0,,
CHILE POLVO,VERDURAS,Gastronomia,54achd64fg,86ao0esop6,Activo,2026-04-27,SIN MARCA,813,0,0,K,Si,VERDURAS,,GRANEL,,1000,0,,
chiles,VERDURAS,Gastronomia,54achd64fg,86ao0esop6,Activo,2026-04-27,SIN MARCA,819,0,0,K,Si,VERDURAS,,GRANEL,,1000,0,,
CHILES ANCHOS,VERDURAS,Gastronomia,54achd64fg,86ao0esop6,Activo,2026-04-27,SIN MARCA,814,0,0,K,Si,VERDURAS,,GRANEL,,1000,0,,
CHILES CHIPOTLES,VERDURAS,Gastronomia,54achd64fg,86ao0esop6,Activo,2026-04-27,SIN MARCA,815,0,0,K,Si,VERDURAS,,GRANEL,,1000,0,,
CHILES JALAPEÑO,VERDURAS,Gastronomia,54achd64fg,86ao0esop6,Activo,2026-04-27,SIN MARCA,818,0,0,K,Si,VERDURAS,,GRANEL,,1000,0,,
CHILES POBLANOS,VERDURAS,Gastronomia,54achd64fg,86ao0esop6,Activo,2026-04-27,SIN MARCA,816,0,0,K,Si,VERDURAS,,GRANEL,,1000,0,,
CHILES VERDES,VERDURAS,Gastronomia,54achd64fg,86ao0esop6,Activo,2026-04-27,GRANEL,146,0,0,K,Si,VERDURAS,,GRANEL,DEL CARMEN,1000,0,,20
CHINCHO,VERDURAS,Gastronomia,54achd64fg,86ao0esop6,Activo,2026-04-27,SIN MARCA,147,0,0,ATD,Si,VERDURAS,,GRANEL,DEL CARMEN,1,0,,5
CHINCHULES,CARNICO,Gastronomia,54achd64fg,86ao0esop6,Activo,2026-04-27,SIN MARCA,144,0,0,K,Si,CARNICO,,GRANEL,SAN CAMILO,,,,
CHIP CHOCOLATE,ABARROTES,Gastronomia,54achd64fg,86ao0esop6,Activo,2026-04-27,GRANEL,148,0,0,K,No,ABARROTES,,GRANEL,MAS VENTAS,1000,0,,25
CHIRIMOYA,FRUTA,Gastronomia,54achd64fg,86ao0esop6,Activo,2026-04-27,SIN MARCA,149,0,0,K,Si,FRUTA,,GRANEL,DEL CARMEN,1000,0,,9
CHITA ENTERA,CARNICOP / PESCADOS Y MARISCOS,Gastronomia,54achd64fg,86ao0esop6,Activo,2026-04-27,SIN MARCA,150,0,0,K,Si,CARNICOP,PESCADOS Y MARISCOS,GRANEL,CHELITA,1000,0.5,,38
CHOCHOCA ENTERA,VERDURAS,Gastronomia,54achd64fg,86ao0esop6,Activo,2026-04-27,SIN MARCA,151,0,0,k,No,VERDURAS,,GRANEL,DEL CARMEN,1000,0,,6.32
CHOCHOCA MOLIDA,ABARROTES,Gastronomia,54achd64fg,86ao0esop6,Activo,2026-04-27,SIN MARCA,152,0,0,K,No,ABARROTES,,GRANEL,DEL CARMEN,1000,0,,5
CHOCLO,VERDURAS,Gastronomia,54achd64fg,86ao0esop6,Activo,2026-04-27,SIN MARCA,153,0,0,K,Si,VERDURAS,,GRANEL,DEL CARMEN,1000,0.1,,3.5
CHOCLO BB,VERDURAS,Gastronomia,54achd64fg,86ao0esop6,Activo,2026-04-27,SIN MARCA,154,0,0,K,Si,VERDURAS,,TAPER X 200GR,DEL CARMEN,1000,0,,6
CHOCLO LATA,ABARROTES,Gastronomia,54achd64fg,86ao0esop6,Activo,2026-04-27,MONTE ALTO,155,0,0,K,No,ABARROTES,,LATA X 0.430 K,DEL CARMEN,450,0,,16
CHOCOLATE BLANCO,ABARROTES,Gastronomia,54achd64fg,86ao0esop6,Activo,2026-04-27,MEGUSSA,156,0,0,K,No,ABARROTES,,PAQUETE X 1 K,DEL CARMEN,1000,0,,21
CHOCOLATE COBERTURA SEMI-AMARGO,ABARROTES,Gastronomia,54achd64fg,86ao0esop6,Activo,2026-04-27,FLEISHMAM,157,0,0,K,No,ABARROTES,,PAQUETE X 1 K,DEL CARMEN,1000,0,,19
CHOCOLATE FUDGE,ABARROTES,Gastronomia,54achd64fg,86ao0esop6,Activo,2026-04-27,LA CABAÑA,158,0,0,K,No,ABARROTES,,BOT X 0.700 L,DEL CARMEN,1,0,,25
CHOCOLATE LECHE,ABARROTES,Gastronomia,54achd64fg,86ao0esop6,Activo,2026-04-27,MEGUSSA,159,0,0,K,No,ABARROTES,,CAJA X 1 K,DEL CARMEN,1000,0,,10.8
CHOCOLATE SUBLIME,ABARROTES,Gastronomia,54achd64fg,86ao0esop6,Activo,2026-04-27,SUBLIME,160,0,0,U,No,ABARROTES,,"CAJA DE 24 U X 0,030 K",DEL CARMEN,1000,0,,34.02777777777778
CHOCOLATE TAZA,ABARROTES,Gastronomia,54achd64fg,86ao0esop6,Activo,2026-04-27,SOL DEL CUSCO,161,0,0,K,No,ABARROTES,,3 SOBRES X  0.090 K,DEL CARMEN,1000,0,,10.74074074074074
CHONCHOLI,CARNICO / RES,Gastronomia,54achd64fg,86ao0esop6,Activo,2026-04-27,SIN MARCA,162,0,0,K,Si,CARNICO,RES,GRANEL,MARVE,1000,0,,5
CHORIZO,ABARROTES,Gastronomia,54achd64fg,86ao0esop6,Activo,2026-04-27,RICO POLLO,163,0,0,K,No,ABARROTES,,PTE,DEL CARMEN,1000,0,,13
CHOROS,CARNICOP / PESCADOS Y MARISCOS,Gastronomia,54achd64fg,86ao0esop6,Activo,2026-04-27,SIN MARCA,164,0,0,K,Si,CARNICOP,PESCADOS Y MARISCOS,GRANEL,CHELITA,1000,0.25,,9
CHULETA RES,CARNICO / RES,Gastronomia,54achd64fg,86ao0esop6,Activo,2026-04-27,SIN MARCA,165,0,0,K,Si,CARNICO,RES,GRANEL,MARVE,1000,0.1,,15.5
CHUÑO BLANCO,ABARROTES,Gastronomia,54achd64fg,86ao0esop6,Activo,2026-04-27,SIN MARCA,166,0,0,K,No,ABARROTES,,GRANEL,DEL CARMEN,1000,0,,24
CHUÑO NEGRO,ABARROTES,Gastronomia,54achd64fg,86ao0esop6,Activo,2026-04-27,SIN MARCA,167,0,0,K,No,ABARROTES,,GRANEL,DEL CARMEN,1000,0,,10.2
CHURRO PICANTE,,Gastronomia,54achd64fg,86ao0esop6,Activo,2026-04-27,,813,0,0,U,Si,,,,,1000,0,,
CIBOULETTE,VERDURAS,Gastronomia,54achd64fg,86ao0esop6,Activo,2026-04-27,SIN MARCA,168,0,0,ATD,Si,VERDURAS,,GRANEL,DEL CARMEN,1,0,,3
CIRUELAS,ABARROTES,Gastronomia,54achd64fg,86ao0esop6,Activo,2026-04-27,SIN MARCA,169,0,0,K,Si,ABARROTES,,GRANEL,DEL CARMEN,1000,0,,20
CLAVO DE OLOR POLVO,ABARROTES,Gastronomia,54achd64fg,86ao0esop6,Activo,2026-04-27,GRANEL,170,0,0,K,No,ABARROTES,,GRANEL,DEL CARMEN,1000,0,,60
CLAVO OLOR,ABARROTES,Gastronomia,54achd64fg,86ao0esop6,Activo,2026-04-27,GRANEL,171,0,0,K,No,ABARROTES,,GRANEL,DEL CARMEN,1000,0,,65
CLORURO DE CALCIO,ABARROTES,Gastronomia,54achd64fg,86ao0esop6,Activo,2026-04-27,PASSION FOODS,868,0,0,K,Si,ABARROTES,,GRANEL,PASSSION FOODS,1000,0,,200.00999999999996
COBERTURA BLANCA IBERICA,ABARROTES,Gastronomia,54achd64fg,86ao0esop6,Activo,2026-04-27,LA IBERICA,173,0,0,K,No,ABARROTES,,SOBRE X 0.20 K,IBERICA,1000,0,,69.5
COBERTURA CHOCOLATE IBERICA,ABARROTES,Gastronomia,54achd64fg,86ao0esop6,Activo,2026-04-27,LA IBERICA,172,0,0,U,No,ABARROTES,,PQT,IBERICA,1000,0,,48.8
COBERTURA LECHE IBERICA,ABARROTES,Gastronomia,54achd64fg,86ao0esop6,Activo,2026-04-27,LA IBERICA,174,0,0,K,No,ABARROTES,,SOBRE X 0.20 K,IBERICA,1000,0,,61
COCA COLA,ABARROTES,Gastronomia,54achd64fg,86ao0esop6,Activo,2026-04-27,COCA COLA,175,0,0,U,No,ABARROTES,,BOT X 0.500 L,DEL CARMEN,1000,0,,2.7
COCHAYUYO,ABARROTES,Gastronomia,54achd64fg,86ao0esop6,Activo,2026-04-27,SIN MARCA,176,0,0,U,No,ABARROTES,,PLANCHA,DEL CARMEN,1000,0,,7.3
COCO ENTERO,VERDURAS,Gastronomia,54achd64fg,86ao0esop6,Activo,2026-04-27,SIN MARCA,179,0,0,UNID,Si,VERDURAS,,GRANEL,DEL CARMEN,1000,0,,3.5
COCO RALLADO,ABARROTES,Gastronomia,54achd64fg,86ao0esop6,Activo,2026-04-27,GRANEL,180,0,0,K,No,ABARROTES,,GRANEL,DEL CARMEN,1000,0,,14
COCOA,ABARROTES,Gastronomia,54achd64fg,86ao0esop6,Activo,2026-04-27,WINTERS,181,0,0,K,No,ABARROTES,,BOLSA X 0.160 K,DEL CARMEN,1000,0,,6
COCONA,FRUTA,Gastronomia,54achd64fg,86ao0esop6,Activo,2026-04-27,SIN MARCA,182,0,0,K,Si,FRUTA,,GRANEL,DEL CARMEN,1000,0,,5
COCTEL DE FRUTAS,ABARROTES,Gastronomia,54achd64fg,86ao0esop6,Activo,2026-04-27,FANNY,183,0,0,U,No,ABARROTES,,LATA X 0.820 L,DEL CARMEN,1,0,,
COFIA (TOCA),ABARROTES,Gastronomia,54achd64fg,86ao0esop6,Activo,2026-04-27,GOLGEN MEDIC,184,0,0,U,No,ABARROTES,,CAJA X 100 U,MAKRO,1000,6,,0.145
COGOTE CERDO,CARNICO / CERDO,Gastronomia,54achd64fg,86ao0esop6,Activo,2026-04-27,SIN MARCA,185,0,0,K,Si,CARNICO,CERDO,GRANEL,MARVE,,,,13.5
COL CHINA,VERDURAS,Gastronomia,54achd64fg,86ao0esop6,Activo,2026-04-27,SIN MARCA,186,0,0,U,Si,VERDURAS,,GRANEL,DEL CARMEN,1,0,,12
COL DE BRUSELAS,VERDURAS,Gastronomia,54achd64fg,86ao0esop6,Activo,2026-04-27,SIN MARCA,187,0,0,K,Si,VERDURAS,,PAQ X 0.200 K,DEL CARMEN,1000,0,,7
COL MORADA,VERDURAS,Gastronomia,54achd64fg,86ao0esop6,Activo,2026-04-27,SIN MARCA,188,0,0,U,Si,VERDURAS,,GRANEL,DEL CARMEN,1000,0,,7
COLA RES,CARNICO / RES,Gastronomia,54achd64fg,86ao0esop6,Activo,2026-04-27,SIN MARCA,189,0,0,K,Si,CARNICO,RES,GRANEL,MARVE,1000,0,,8
COLANTAO,VERDURAS,Gastronomia,54achd64fg,86ao0esop6,Activo,2026-04-27,SIN MARCA,190,0,0,K,Si,VERDURAS,,GRANEL,DEL CARMEN,1000,0,,12
COLAPEZ LAMINA,ABARROTES,Gastronomia,54achd64fg,86ao0esop6,Activo,2026-04-27,GRANEL,191,0,0,U,No,ABARROTES,,LAMINA,DEL CARMEN,1,0,,0.7
COLAPEZ POLVO,ABARROTES,Gastronomia,54achd64fg,86ao0esop6,Activo,2026-04-27,GRANEL,192,0,0,K,No,ABARROTES,,GRANEL,DEL CARMEN,1000,0,,52
COLIFLOR,VERDURAS,Gastronomia,54achd64fg,86ao0esop6,Activo,2026-04-27,SIN MARCA,193,0,0,U,Si,VERDURAS,,GRANEL,DEL CARMEN,1,0.1,,4.5
COLORANTE AMARILLO HUEVO,ABARROTES,Gastronomia,54achd64fg,86ao0esop6,Activo,2026-04-27,EL YASAN,194,0,0,K,No,ABARROTES,,FRAS X 0.030 L,DEL CARMEN,1000,0,,44.2
COLORANTES,ABARROTES,Gastronomia,54achd64fg,86ao0esop6,Activo,2026-04-27,EL YASAN,195,0,0,L,No,ABARROTES,,FRAS X 0.030 L,DEL CARMEN,1000,0,,53.333333333333336
COMINO ENTERO,ABARROTES,Gastronomia,54achd64fg,86ao0esop6,Activo,2026-04-27,SIN MARCA,196,0,0,K,No,ABARROTES,,GRANEL,DEL CARMEN,1000,0,,19
COMINO MOLIDO,ABARROTES,Gastronomia,54achd64fg,86ao0esop6,Activo,2026-04-27,SIN MARCA,197,0,0,K,No,ABARROTES,,GRANEL,DEL CARMEN,1000,4,,14
CONCENTRADO CHICHA MORADA,ABARROTES,Gastronomia,54achd64fg,86ao0esop6,Activo,2026-04-27,GLORIA,198,0,0,L,Si,ABARROTES,,BOTELLA,DEL CARMEN,1000,0,,10
CONCHAS ABANICO,CARNICOP / PESCADOS Y MARISCOS,Gastronomia,54achd64fg,86ao0esop6,Activo,2026-04-27,SIN MARCA,199,0,0,K,Si,CARNICOP,PESCADOS Y MARISCOS,GRANEL,CHELITA,1000,0,,40
CONEJO,CARNICO / OTROS,Gastronomia,54achd64fg,86ao0esop6,Activo,2026-04-27,SIN MARCA,200,0,0,K,Si,CARNICO,OTROS,GRANEL,MARVE,1000,0,,24
CONFITES,ABARROTES,Gastronomia,54achd64fg,86ao0esop6,Activo,2026-04-27,SIN MARCA,860,0,0,K,Si,ABARROTES,,GRANEL,,1000,0,,20
COÑAC,ABARROTES,Gastronomia,54achd64fg,86ao0esop6,Activo,2026-04-27,3 PALOS,201,0,0,L,No,ABARROTES,,BOT X 0.750 L,DEL CARMEN,1000,0,,9.9
CORAZON DE BAMBU,ABARROTES,Gastronomia,54achd64fg,86ao0esop6,Activo,2026-04-27,PREGUNTAR LIMA,202,0,0,K,No,ABARROTES,,FRASCO,DEL CARMEN,1000,0,,
CORAZON DE PALMITOS,ABARROTES,Gastronomia,54achd64fg,86ao0esop6,Activo,2026-04-27,FLORIDA,203,0,0,U,No,ABARROTES,,FRASCO X 0.430 K,DEL CARMEN,1000,11,,30.48780487804878
CORAZON POLLO,CARNICO / AVES,Gastronomia,54achd64fg,86ao0esop6,Activo,2026-04-27,PLAZA VEA,204,0,0,K,Si,CARNICO,AVES,GRANEL,MARVE,1000,0,,15
CORAZON RES,CARNICO / RES,Gastronomia,54achd64fg,86ao0esop6,Activo,2026-04-27,SIN MARCA,205,0,0,K,Si,CARNICO,RES,GRANEL,SAN CAMILO,1000,0.1,,11
CORN FLAKES,ABARROTES,Gastronomia,54achd64fg,86ao0esop6,Activo,2026-04-27,KELLOGS,844,0,0,K,Si,ABARROTES,,CAJA X 250,FRANCO,1000,0,,22.6
CORVINA,CARNICOP / PESCADOS Y MARISCOS,Gastronomia,54achd64fg,86ao0esop6,Activo,2026-04-27,SIN MARCA,206,0,0,K,Si,CARNICOP,PESCADOS Y MARISCOS,GRANEL,CHELITA,1000,0.45,,32
CORVINILLA,CARNICOP / PESCADOS Y MARISCOS,Gastronomia,54achd64fg,86ao0esop6,Activo,2026-04-27,SIN MARCA,207,0,0,K,Si,CARNICOP,PESCADOS Y MARISCOS,GRANEL,CHELITA,1000,0.45,,28
COSTILLAR CERDO,CARNICO / CERDO,Gastronomia,54achd64fg,86ao0esop6,Activo,2026-04-27,SIN MARCA,208,0,0,K,Si,CARNICO,CERDO,GRANEL,MARVE,1000,0.12,,17.5
COSTILLAR CORDERO,CARNICO / CORDERO,Gastronomia,54achd64fg,86ao0esop6,Activo,2026-04-27,SIN MARCA,209,0,0,K,Si,CARNICO,CORDERO,GRANEL,MARVE,1000,0.12,,25
COSTILLAS AHUMADAS,CARNICO / CERDO,Gastronomia,54achd64fg,86ao0esop6,Activo,2026-04-27,RICO POLLO,210,0,0,K,Si,CARNICO,CERDO,GRANEL,MARVE,1000,0,,40
COUS COUS,ABARROTES,Gastronomia,54achd64fg,86ao0esop6,Activo,2026-04-27,AGNESI,211,0,0,K,No,ABARROTES,,CAJA,DEL CARMEN,1000,0,,27
CREMA COCO,ABARROTES,Gastronomia,54achd64fg,86ao0esop6,Activo,2026-04-27,SELVA,212,0,0,U,Si,ABARROTES,,FRAS X 0.280 K,DEL CARMEN,1,0,,23.57142857142857
CREMA DE ALMENDRAS,ABARROTES,Gastronomia,54achd64fg,86ao0esop6,Activo,2026-04-27,SIN MARCA,833,0,0,K,Si,ABARROTES,,GRANEL,,1000,0,,
CREMA DE LECHE,ABARROTES,Gastronomia,54achd64fg,86ao0esop6,Activo,2026-04-27,VASO VELARDE,213,0,0,L,Si,ABARROTES,,CAJA  X 0.500 GR,DEL CARMEN,1000,0,,18.5
CREMA PASTELERA,ABARROTES,Gastronomia,54achd64fg,86ao0esop6,Activo,2026-04-27,SIN MARCA,828,0,0,K,Si,ABARROTES,,GRANEL,,1000,0,,
CREMOR TARTARO,ABARROTES,Gastronomia,54achd64fg,86ao0esop6,Activo,2026-04-27,GRANEL,214,0,0,K,No,ABARROTES,,GRANEL,DEL CARMEN,1000,0,,68
CRIADILLAS,CARNICO / VARIOS,Gastronomia,54achd64fg,86ao0esop6,Activo,2026-04-27,SIN MARCA,215,0,0,K,Si,CARNICO,VARIOS,GRANEL,SAN CAMILO,1000,0,,10
CUCHARAS DESCARTABLES,ABARROTES,Gastronomia,54achd64fg,86ao0esop6,Activo,2026-04-27,SIN MARCA,216,0,0,CIENTO,No,ABARROTES,,PAQ X 100 U,DEL CARMEN,100,0,,2
CULANTRO,VERDURAS,Gastronomia,54achd64fg,86ao0esop6,Activo,2026-04-27,SIN MARCA,217,0,0,ATD,Si,VERDURAS,,GRANEL,DEL CARMEN,1,0.02,,2.5
CURACAO AZUL,ABARROTES,Gastronomia,54achd64fg,86ao0esop6,Activo,2026-04-27,CURAZAO,218,0,0,U,No,ABARROTES,,BOT,DON PEDRITO,1,0,,30
CURCUMA,ABARROTES,Gastronomia,54achd64fg,86ao0esop6,Activo,2026-04-27,BADIA,219,0,0,K,No,ABARROTES,,FRAS X 0.453 K,DEL CARMEN,1000,0,,71.7439293598234
CURRY,ABARROTES,Gastronomia,54achd64fg,86ao0esop6,Activo,2026-04-27,GRANEL,220,0,0,K,No,ABARROTES,,GRANEL,DEL CARMEN,1000,0,,29
CUY,CARNICO / VARIOS,Gastronomia,54achd64fg,86ao0esop6,Activo,2026-04-27,SIN MARCA,221,0,0,U,Si,CARNICO,VARIOS,GRANEL,MARVE,1,0,,23
DAMASCO SECO,ABARROTES,Gastronomia,54achd64fg,86ao0esop6,Activo,2026-04-27,GRANEL,222,0,0,K,No,ABARROTES,,GRANEL,DEL CARMEN,1000,0,,38
DESCARTABLES 1 L,ABARROTES,Gastronomia,54achd64fg,86ao0esop6,Activo,2026-04-27,SIN MARCA,223,0,0,CIENTO,No,ABARROTES,,BOLSA,DEL CARMEN,100,0,,32
durazno,FRUTA,Gastronomia,54achd64fg,86ao0esop6,Activo,2026-04-27,,857,0,0,k,Si,FRUTA,,GRANEL,,1000,0,,8
DURAZNO EN LATA,ABARROTES,Gastronomia,54achd64fg,86ao0esop6,Activo,2026-04-27,ACONCAGUA,224,0,0,L,No,ABARROTES,,LATA X 0.820 K,DEL CARMEN,1,0,,10.5
DURAZNO EN LATA KILO,ABARROTES,Gastronomia,54achd64fg,86ao0esop6,Activo,2026-04-27,ACONCAGUA,225,0,0,K,No,ABARROTES,,LATA X 1 K,DEL CARMEN,1000,0,,11.5
ECHALOT,VERDURAS,Gastronomia,54achd64fg,86ao0esop6,Activo,2026-04-27,SIN MARCA,226,0,0,K,Si,VERDURAS,,GRANEL,DEL CARMEN,1000,0,,5
ENELDO FRESCO,VERDURAS,Gastronomia,54achd64fg,86ao0esop6,Activo,2026-04-27,SIN MARCA,227,0,0,ATD,Si,VERDURAS,,GRANEL,DEL CARMEN,1,0,,3.5
ENELDO SECO,ABARROTES,Gastronomia,54achd64fg,86ao0esop6,Activo,2026-04-27,CHEZZ,228,0,0,K,No,ABARROTES,,SOBRE X 0.010 K,DEL CARMEN,1000,0,,320
ESENCIA DE VAINILLA,ABARROTES,Gastronomia,54achd64fg,86ao0esop6,Activo,2026-04-27,LA NEGRITA,229,0,0,L,No,ABARROTES,,BOT X 1 L,DEL CARMEN,1000,0,,7
ESENCIA DE NARANJA,ABARROTES,Gastronomia,54achd64fg,86ao0esop6,Activo,2026-04-27,FRAMONT,230,0,0,L,No,ABARROTES,,FRAS X 0.090 K,DEL CARMEN,1000,0,,3.8
ESPARRAGOS,VERDURAS,Gastronomia,54achd64fg,86ao0esop6,Activo,2026-04-27,SIN MARCA,231,0,0,ATD,Si,VERDURAS,,GRANEL,DEL CARMEN,1,0.05,,7
ESPINACA,VERDURAS,Gastronomia,54achd64fg,86ao0esop6,Activo,2026-04-27,SIN MARCA,232,0,0,K,Si,VERDURAS,,GRANEL,DEL CARMEN,1000,0.05,,6
ESPINAZO PESCADO,CARNICOP / PESCADOS Y MARISCOS,Gastronomia,54achd64fg,86ao0esop6,Activo,2026-04-27,SIN MARCA,233,0,0,K,Si,CARNICOP,PESCADOS Y MARISCOS,GRANEL,CHELITA,1000,0,,3
ESTABILIZANTE,ABARROTES,Gastronomia,54achd64fg,86ao0esop6,Activo,2026-04-27,GRANEL,234,0,0,K,No,ABARROTES,,GRANEL,MAS VENTAS,1000,0,,31
ESTERILLA DE BAMBU,,Gastronomia,54achd64fg,86ao0esop6,Activo,2026-04-27,,814,0,0,PQT,Si,,,,,1000,0,,
ESTRAGON FRESCO,VERDURAS,Gastronomia,54achd64fg,86ao0esop6,Activo,2026-04-27,SIN MARCA,235,0,0,ATD,Si,VERDURAS,,GRANEL,DEL CARMEN,1,0,,5
ESTRAGON SECO,ABARROTES,Gastronomia,54achd64fg,86ao0esop6,Activo,2026-04-27,GRANEL,236,0,0,K,No,ABARROTES,,GRANEL,DEL CARMEN,1000,0,,180
FECULA DE PAPA,ABARROTES,Gastronomia,54achd64fg,86ao0esop6,Activo,2026-04-27,GRANEL,237,0,0,K,No,ABARROTES,,GRANEL,DEL CARMEN,1000,0,,5.8
FETTUCCINI,ABARROTES,Gastronomia,54achd64fg,86ao0esop6,Activo,2026-04-27,NICOLINI,238,0,0,K,No,ABARROTES,,PAQ X 0.500 K,DEL CARMEN,1000,0,,7
FIDEO CANUTO RAYADO,ABARROTES,Gastronomia,54achd64fg,86ao0esop6,Activo,2026-04-27,AGNESI,239,0,0,K,No,ABARROTES,,BOLSA X 250GR,DEL CARMEN,1000,0,,1.3
FIDEO FARFALLE,ABARROTES,Gastronomia,54achd64fg,86ao0esop6,Activo,2026-04-27,AGNESI,240,0,0,K,No,ABARROTES,,BOLSA X 500GR,DEL CARMEN,1000,0,,8.5
FIDEOS CODITO,ABARROTES,Gastronomia,54achd64fg,86ao0esop6,Activo,2026-04-27,DON VITORIO,864,0,0,K,Si,ABARROTES,,BOLSA X 250GR,,1000,0,,1.5
FIDEOS FANCI,ABARROTES,Gastronomia,54achd64fg,86ao0esop6,Activo,2026-04-27,VERMISELI,241,0,0,K,No,ABARROTES,,BOLSA X 0.5 K,DEL CARMEN,1000,0,,10
FIDEOS FUSILLI,ABARROTES,Gastronomia,54achd64fg,86ao0esop6,Activo,2026-04-27,,841,0,0,K,Si,ABARROTES,,BOLSA,,1000,0,,8.5
FIDEOS LINGUINI,ABARROTES,Gastronomia,54achd64fg,86ao0esop6,Activo,2026-04-27,DON VITORIO,242,0,0,K,No,ABARROTES,,PAQ X 0.500 K,DEL CARMEN,1000,0,,5
FIDEOS UDON,ABARROTES,Gastronomia,54achd64fg,86ao0esop6,Activo,2026-04-27,,243,0,0,K,No,ABARROTES,,BOLSA,DEL CARMEN,1000,0,,14
FILETE DIAMANTE,CARNICOP / PESCADOS Y MARISCOS,Gastronomia,54achd64fg,86ao0esop6,Activo,2026-04-27,SIN MARCA,244,0,0,K,Si,CARNICOP,PESCADOS Y MARISCOS,GRANEL,CHELITA,1000,0.05,,20
FILETE PERICO,CARNICOP / PESCADOS Y MARISCOS,Gastronomia,54achd64fg,86ao0esop6,Activo,2026-04-27,SIN MARCA,245,0,0,K,Si,CARNICOP,PESCADOS Y MARISCOS,GRANEL,CHELITA,1000,0,,35
FONDANT,ABARROTES,Gastronomia,54achd64fg,86ao0esop6,Activo,2026-04-27,FRESCIA,246,0,0,K,No,ABARROTES,,TAPER X 1K,DEL CARMEN,1000,0,,12.8
FONDO DE AVE,ABARROTES,Gastronomia,54achd64fg,86ao0esop6,Activo,2026-04-27,SIN MARCA,807,0,0,L,Si,ABARROTES,,GRANEL,CEDHI,1,0,,
FONDO OSCURO,ABARROTES,Gastronomia,54achd64fg,86ao0esop6,Activo,2026-04-27,SIN MARCA,247,0,0,L,Si,ABARROTES,,GRANEL,CEDHI,1000,0,,1
FONDO VEGETAL,ABARROTES,Gastronomia,54achd64fg,86ao0esop6,Activo,2026-04-27,SIN MARCA,840,0,0,L,Si,ABARROTES,,GRANEL,CEDHI,1000,0,,
FOSFORO,ABARROTES,Gastronomia,54achd64fg,86ao0esop6,Activo,2026-04-27,INTI,248,0,0,U,No,ABARROTES,,PAQUETE X 10U,DEL CARMEN,1000,0,,2
FOSH,ABARROTES,Gastronomia,54achd64fg,86ao0esop6,Activo,2026-04-27,SIN MARCA,810,0,0,K,Si,ABARROTES,,,,1,0,,
FRAMBUESA,FRUTA,Gastronomia,54achd64fg,86ao0esop6,Activo,2026-04-27,SIN MARCA,249,0,0,TAPER,Si,FRUTA,,GRANEL,DEL CARMEN,1000,0,,9
FREJOL CABALLERO,ABARROTES,Gastronomia,54achd64fg,86ao0esop6,Activo,2026-04-27,GRANEL,250,0,0,K,No,ABARROTES,,GRANEL,DEL CARMEN,1000,0,,9.5
FREJOL CANARIO,ABARROTES,Gastronomia,54achd64fg,86ao0esop6,Activo,2026-04-27,GRANEL,251,0,0,K,No,ABARROTES,,GRANEL,DEL CARMEN,1000,0,,9.5
FREJOL CHINO,VERDURAS,Gastronomia,54achd64fg,86ao0esop6,Activo,2026-04-27,SIN MARCA,252,0,0,K,Si,VERDURAS,,GRANEL,DEL CARMEN,1000,0.05,,5
FREJOL NEGRO,ABARROTES,Gastronomia,54achd64fg,86ao0esop6,Activo,2026-04-27,COSTEÑO,253,0,0,K,No,ABARROTES,,BOLSA X 0.500 K,DEL CARMEN,1000,0,,6.5
FREJOL PANAMITO,ABARROTES,Gastronomia,54achd64fg,86ao0esop6,Activo,2026-04-27,GRANEL,254,0,0,K,No,ABARROTES,,GRANEL,DEL CARMEN,1000,0,,4.8
FREJOL ROJO,ABARROTES,Gastronomia,54achd64fg,86ao0esop6,Activo,2026-04-27,COSTEÑO,255,0,0,K,No,ABARROTES,,BOLSA X 0.5OO K,DEL CARMEN,1000,0,,4.5
FRESA,FRUTA,Gastronomia,54achd64fg,86ao0esop6,Activo,2026-04-27,SIN MARCA,256,0,0,K,Si,FRUTA,,GRANEL,DEL CARMEN,1000,0,,9
FRUTA CONFITADA,ABARROTES,Gastronomia,54achd64fg,86ao0esop6,Activo,2026-04-27,SIN MARCA,257,0,0,K,Si,ABARROTES,,GRANEL,DEL CARMEN,1000,0,,7.5
FUMET,ABARROTES,Gastronomia,54achd64fg,86ao0esop6,Activo,2026-04-27,SIN MARCA,839,0,0,L,Si,ABARROTES,,GRANEL,CEDHI,1000,0,,
GALLETA CHARADA,ABARROTES,Gastronomia,54achd64fg,86ao0esop6,Activo,2026-04-27,CHARADA,258,0,0,K,No,ABARROTES,,PAQ X 6 U X 0.036 K,DEL CARMEN,1000,0,,11.11111111111111
GALLETAS ANIMALITOS,ABARROTES,Gastronomia,54achd64fg,86ao0esop6,Activo,2026-04-27,SIN MARCA,259,0,0,K,No,ABARROTES,,GRANEL,DEL CARMEN,1000,0,,4.8
GALLETAS OREO,ABARROTES,Gastronomia,54achd64fg,86ao0esop6,Activo,2026-04-27,OREO,260,0,0,K,No,ABARROTES,,PAQ X 6 U X 0.036 K,DEL CARMEN,1000,0,,15.74074074074074
GALLETAS SODA,ABARROTES,Gastronomia,54achd64fg,86ao0esop6,Activo,2026-04-27,SODA DIA,261,0,0,K,No,ABARROTES,,PAQ X 6 U X 0.036 K,DEL CARMEN,1000,0,,11.574074074074074
GALLETAS VAINILLA,ABARROTES,Gastronomia,54achd64fg,86ao0esop6,Activo,2026-04-27,FIELD,262,0,0,K,No,ABARROTES,,PAQ X 6 U X 0.036 K,DEL CARMEN,1000,0,,15.74074074074074
GALLIANO,ABARROTES,Gastronomia,54achd64fg,86ao0esop6,Activo,2026-04-27,GALLIANO,263,0,0,U,No,ABARROTES,,BOTELLA,DON PEDRITO,1,0,,98
GALLINA ENTERA S/M,CARNICO / AVES,Gastronomia,54achd64fg,86ao0esop6,Activo,2026-04-27,SIN MARCA,264,0,0,K,Si,CARNICO,AVES,GRANEL,MARVE,1000,0.15,,17
GARBANZO,ABARROTES,Gastronomia,54achd64fg,86ao0esop6,Activo,2026-04-27,GRANEL,265,0,0,K,No,ABARROTES,,GRANEL,DEL CARMEN,1000,0,,9.5
GASA,ABARROTES,Gastronomia,54achd64fg,86ao0esop6,Activo,2026-04-27,GRANEL,266,0,0,U,No,ABARROTES,,SOBRE,INKA FARMA,,0,,2.5
GELATINA CHICLE,ABARROTES,Gastronomia,54achd64fg,86ao0esop6,Activo,2026-04-27,GRANEL,267,0,0,K,No,ABARROTES,,GRANEL,DEL CARMEN,1000,0,,7.5
GELATINA FRESA,ABARROTES,Gastronomia,54achd64fg,86ao0esop6,Activo,2026-04-27,GRANEL,268,0,0,K,No,ABARROTES,,GRANEL,DEL CARMEN,1000,0,,7.5
GELATINA LIMON,ABARROTES,Gastronomia,54achd64fg,86ao0esop6,Activo,2026-04-27,GRANEL,269,0,0,K,No,ABARROTES,,GRANEL,DEL CARMEN,1000,0,,7.5
GELATINA MANZANA,ABARROTES,Gastronomia,54achd64fg,86ao0esop6,Activo,2026-04-27,GRANEL,270,0,0,K,No,ABARROTES,,GRANEL,DEL CARMEN,1000,0,,7.5
GELATINA NARANJA,ABARROTES,Gastronomia,54achd64fg,86ao0esop6,Activo,2026-04-27,GRANEL,271,0,0,K,No,ABARROTES,,GRANEL,DEL CARMEN,1000,0,,7.5
GELATINA PIÑA,ABARROTES,Gastronomia,54achd64fg,86ao0esop6,Activo,2026-04-27,GRANEL,272,0,0,K,No,ABARROTES,,GRANEL,DEL CARMEN,1000,0,,7.5
GENGIBRE,ABARROTES,Gastronomia,54achd64fg,86ao0esop6,Activo,2026-04-27,GRANEL,273,0,0,K,No,ABARROTES,,GRANEL,DEL CARMEN,1000,0,,29
GIN BEEFEATER,ABARROTES,Gastronomia,54achd64fg,86ao0esop6,Activo,2026-04-27,BEEFEATER,274,0,0,U,No,ABARROTES,,BOT,DON PEDRITO,1000,0,,40
GIN BOMBAY,ABARROTES,Gastronomia,54achd64fg,86ao0esop6,Activo,2026-04-27,BOMBAY,275,0,0,U,No,ABARROTES,,BOT,DEL CARMEN,1,0,,55
GIN PARAMONGA,ABARROTES,Gastronomia,54achd64fg,86ao0esop6,Activo,2026-04-27,PARAMONGA,276,0,0,U,No,ABARROTES,,BOT,DON PEDRITO,1,0,,15
GIN TANQUERAY,ABARROTES,Gastronomia,54achd64fg,86ao0esop6,Activo,2026-04-27,TANQUERAY,277,0,0,U,No,ABARROTES,,BOT,DON PEDRITO,1,0,,46
GINGER ALE,ABARROTES,Gastronomia,54achd64fg,86ao0esop6,Activo,2026-04-27,GINGER ALE,278,0,0,U,No,ABARROTES,,BOT,DON PEDRITO,1000,0,,5
GLUCOMIEL,ABARROTES,Gastronomia,54achd64fg,86ao0esop6,Activo,2026-04-27,LA CABAÑA,279,0,0,U,No,ABARROTES,,FRAS X 0.500 L,DEL CARMEN,500,0,,35
GLUCOSA,ABARROTES,Gastronomia,54achd64fg,86ao0esop6,Activo,2026-04-27,DULCIMASS,280,0,0,K,No,ABARROTES,,TAPER X 1 L,DEL CARMEN,1000,0,,9
GLUTEN,ABARROTES,Gastronomia,54achd64fg,86ao0esop6,Activo,2026-04-27,GRANEL,281,0,0,K,No,ABARROTES,,GRANEL,DEL CARMEN,1000,0,,13
GOMA TRAGACANTO,ABARROTES,Gastronomia,54achd64fg,86ao0esop6,Activo,2026-04-27,GRANEL,282,0,0,K,No,ABARROTES,,GRANEL,MAS VENTAS,1000,0,,60
GOMA XANTANA,ABARROTES,Gastronomia,54achd64fg,86ao0esop6,Activo,2026-04-27,PASSION FOODS,869,0,0,K,Si,ABARROTES,,GRANEL,PASSSION FOODS,1000,0,,160.00799999999998
GOMITAS DE COLORES,ABARROTES,Gastronomia,54achd64fg,86ao0esop6,Activo,2026-04-27,SIN MARCA,859,0,0,K,Si,ABARROTES,,GRANEL,,1000,0,,20
GOTAS CHOCOLATE,ABARROTES,Gastronomia,54achd64fg,86ao0esop6,Activo,2026-04-27,GRANEL,283,0,0,K,No,ABARROTES,,GRANEL,DEL CARMEN,1000,0,,24
GRAGEAS,ABARROTES,Gastronomia,54achd64fg,86ao0esop6,Activo,2026-04-27,SIN MARCA,825,0,0,K,No,ABARROTES,,GRANEL,,1000,0,,
GRAJEAS COLORES,ABARROTES,Gastronomia,54achd64fg,86ao0esop6,Activo,2026-04-27,SIN MARCA,284,0,0,K,No,ABARROTES,,GRANEL,MAS VENTAS,1000,0,,13
GRANADA,FRUTA,Gastronomia,54achd64fg,86ao0esop6,Activo,2026-04-27,SIN MARCA,285,0,0,K,Si,FRUTA,,GRANEL,DEL CARMEN,1000,0,,4
GRANADILLA,FRUTA,Gastronomia,54achd64fg,86ao0esop6,Activo,2026-04-27,SIN MARCA,286,0,0,K,Si,FRUTA,,GRANEL,DEL CARMEN,1000,0,,5
GRAND MARNIER,ABARROTES,Gastronomia,54achd64fg,86ao0esop6,Activo,2026-04-27,GRAND MARNIER,287,0,0,U,No,ABARROTES,,BOT,DON PEDRITO,1,0,,78
GRANOLA,ABARROTES,Gastronomia,54achd64fg,86ao0esop6,Activo,2026-04-27,SEIPROSA,288,0,0,K,No,ABARROTES,,PAQ X 0.300 K,DEL CARMEN,1000,0,,16
GRASA DURA CERDO,CARNICO / CERDO,Gastronomia,54achd64fg,86ao0esop6,Activo,2026-04-27,SIN MARCA,289,0,0,K,Si,CARNICO,CERDO,GRANEL,MARVE,1000,0,,
GRATED DE ATUN,ABARROTES,Gastronomia,54achd64fg,86ao0esop6,Activo,2026-04-27,A - 1,290,0,0,K,No,ABARROTES,,LATA X 0.170 K,DEL CARMEN,1,0,,15.882352941176471
GUANABANA,FRUTA,Gastronomia,54achd64fg,86ao0esop6,Activo,2026-04-27,SIN MARCA,291,0,0,K,Si,FRUTA,,GRANEL,DEL CARMEN,1000,0,,12
GUANTES QUIRURGICOS,ABARROTES,Gastronomia,54achd64fg,86ao0esop6,Activo,2026-04-27,GOLGEN MEDIC,292,0,0,U,No,ABARROTES,,CAJA X 100 U,DEL CARMEN,1000,7,,0.14
GUAYABA,FRUTA,Gastronomia,54achd64fg,86ao0esop6,Activo,2026-04-27,SIN MARCA,293,0,0,K,Si,FRUTA,,GRANEL,DEL CARMEN,1000,0,,6
GUINDAS,ABARROTES,Gastronomia,54achd64fg,86ao0esop6,Activo,2026-04-27,SIN MARCA,294,0,0,K,No,ABARROTES,,GRANEL,DEL CARMEN,1000,0,,16
GUINDONES,ABARROTES,Gastronomia,54achd64fg,86ao0esop6,Activo,2026-04-27,SIN MARCA,295,0,0,K,No,ABARROTES,,GRANEL,DEL CARMEN,1000,0,,16
HABAS,VERDURAS,Gastronomia,54achd64fg,86ao0esop6,Activo,2026-04-27,SIN MARCA,296,0,0,K,Si,VERDURAS,,GRANEL,DEL CARMEN,1000,0.1,,3.5
HARINA CAMOTE,ABARROTES,Gastronomia,54achd64fg,86ao0esop6,Activo,2026-04-27,SIN MARCA,297,0,0,K,No,ABARROTES,,GRANEL,DEL CARMEN,1000,0,,6.8
HARINA CHOCOCA,ABARROTES,Gastronomia,54achd64fg,86ao0esop6,Activo,2026-04-27,SIN MARCA,298,0,0,K,No,ABARROTES,,GRANEL,DEL CARMEN,1000,0,,4
HARINA DE TRIGO,ABARROTES,Gastronomia,54achd64fg,86ao0esop6,Activo,2026-04-27,NICOLINI,299,0,0,K,No,ABARROTES,,SACO X 5O K,MAKRO,1000,0,,3.8
HARINA HABAS,ABARROTES,Gastronomia,54achd64fg,86ao0esop6,Activo,2026-04-27,SIN MARCA,300,0,0,K,No,ABARROTES,,GRANEL,DEL CARMEN,1000,0,,4
HARINA INTEGRAL,ABARROTES,Gastronomia,54achd64fg,86ao0esop6,Activo,2026-04-27,GRANEL,301,0,0,K,No,ABARROTES,,GRANEL,DEL CARMEN,1000,0,,4
HARINA KIWICHA,ABARROTES,Gastronomia,54achd64fg,86ao0esop6,Activo,2026-04-27,SIN MARCA,302,0,0,K,No,ABARROTES,,BOLSA X 0.200 K,DEL CARMEN,1000,0,,24
HARINA MAIZ,ABARROTES,Gastronomia,54achd64fg,86ao0esop6,Activo,2026-04-27,GRANEL,303,0,0,K,No,ABARROTES,,GRANEL,DEL CARMEN,1000,0,,3.5
HARINA PASTELERA,ABARROTES,Gastronomia,54achd64fg,86ao0esop6,Activo,2026-04-27,,863,0,0,K,Si,ABARROTES,,GRANEL,,1000,0,,2.6
HARINA PREPARADA,ABARROTES,Gastronomia,54achd64fg,86ao0esop6,Activo,2026-04-27,BLANCA FLOR,304,0,0,K,No,ABARROTES,,SOBRE X 1 K,DEL CARMEN,1000,0,,5.6
HARINA QUINUA,ABARROTES,Gastronomia,54achd64fg,86ao0esop6,Activo,2026-04-27,GRANEL,305,0,0,K,No,ABARROTES,,BOLSA X 0.200 K,MAS VENTAS,1000,0,,24
HELADO FRESA,ABARROTES,Gastronomia,54achd64fg,86ao0esop6,Activo,2026-04-27,DONOFRIO,306,0,0,K,Si,ABARROTES,,TAPER,DEL CARMEN,1000,0,,11
HELADOS,ABARROTES,Gastronomia,54achd64fg,86ao0esop6,Activo,2026-04-27,DONOFRIO,307,0,0,L,Si,ABARROTES,,TAPER X 1 L,DEL CARMEN,1000,0,,12
HIELO,ABARROTES,Gastronomia,54achd64fg,86ao0esop6,Activo,2026-04-27,IMPULSO,308,0,0,U,Si,ABARROTES,,BOLSA X 2 1/2 K,DEL CARMEN,1000,0,,2.5
HIERBA BUENA,VERDURAS,Gastronomia,54achd64fg,86ao0esop6,Activo,2026-04-27,SIN MARCA,309,0,0,ATD,Si,VERDURAS,,GRANEL,DEL CARMEN,1,0,,2.5
HIERBA LUISA,VERDURAS,Gastronomia,54achd64fg,86ao0esop6,Activo,2026-04-27,SIN MARCA,310,0,0,ATD,Si,VERDURAS,,GRANEL,DEL CARMEN,1,0,,2
HIGADO POLLO,CARNICO / AVES,Gastronomia,54achd64fg,86ao0esop6,Activo,2026-04-27,SIN MARCA,311,0,0,K,Si,CARNICO,AVES,GRANEL,SAN CAMILO,1000,0.01,,13
HIGADO RES,CARNICO / RES,Gastronomia,54achd64fg,86ao0esop6,Activo,2026-04-27,SIN MARCA,312,0,0,K,Si,CARNICO,RES,GRANEL,SAN CAMILO,1000,0,,9
HIGO SECO,ABARROTES,Gastronomia,54achd64fg,86ao0esop6,Activo,2026-04-27,SIN MARCA,313,0,0,K,No,ABARROTES,,GRANEL,DEL CARMEN,1000,0,,16.5
HIGOS,FRUTA,Gastronomia,54achd64fg,86ao0esop6,Activo,2026-04-27,SIN MARCA,314,0,0,K,Si,FRUTA,,GRANEL,DEL CARMEN,1000,0,,7
HINOJO,VERDURAS,Gastronomia,54achd64fg,86ao0esop6,Activo,2026-04-27,SIN MARCA,315,0,0,ATD,Si,VERDURAS,,GRANEL,DEL CARMEN,1,0,,2
HOJA ACHIRA,VERDURAS,Gastronomia,54achd64fg,86ao0esop6,Activo,2026-04-27,SIN MARCA,316,0,0,ATD,Si,VERDURAS,,GRANEL,DEL CARMEN,1,0,,3.5
HOJA PLATANO,VERDURAS,Gastronomia,54achd64fg,86ao0esop6,Activo,2026-04-27,SIN MARCA,809,0,0,ATD,Si,VERDURAS,,GRANEL,,1,0,,
HOJARASCAS,ABARROTES,Gastronomia,54achd64fg,86ao0esop6,Activo,2026-04-27,SIN MARCA,848,0,0,CIENTO,Si,ABARROTES,,GRANEL,,100,0,,9
HOJAS DE ARROZ,ABARROTES,Gastronomia,54achd64fg,86ao0esop6,Activo,2026-04-27,BANH TRANG,317,0,0,PAQ,No,ABARROTES,,BOSA X 24 U,DEL CARMEN,1000,0,,16
HOJUELAS AJI,ABARROTES,Gastronomia,54achd64fg,86ao0esop6,Activo,2026-04-27,BADIA,318,0,0,K,No,ABARROTES,,FRAS X 0.340 K,DEL CARMEN,1000,0,,54.3
HONDASHI,ABARROTES,Gastronomia,54achd64fg,86ao0esop6,Activo,2026-04-27,LEE KUM KEE,319,0,0,L,No,ABARROTES,,FRAS X 0.120 K,DEL CARMEN,1,0,,191.66666666666669
HONGOS NEGROS,ABARROTES,Gastronomia,54achd64fg,86ao0esop6,Activo,2026-04-27,SIN MARCA,320,0,0,K,No,ABARROTES,,GRANEL,LA MEJOR,1000,0,,25
HOT DOG,ABARROTES,Gastronomia,54achd64fg,86ao0esop6,Activo,2026-04-27,RICO POLLO,321,0,0,K,Si,ABARROTES,,PAQ X 1 K,DEL CARMEN,1000,0,,9.5
HOT DOG FRANKFURTER,ABARROTES,Gastronomia,54achd64fg,86ao0esop6,Activo,2026-04-27,RICO POLLO,322,0,0,K,Si,ABARROTES,,PAQ X 1 K,DEL CARMEN,1000,0,,32
HUACATAY,VERDURAS,Gastronomia,54achd64fg,86ao0esop6,Activo,2026-04-27,SIN MARCA,323,0,0,ATD,Si,VERDURAS,,GRANEL,DEL CARMEN,1,0.05,,4
HUESILLO,ABARROTES,Gastronomia,54achd64fg,86ao0esop6,Activo,2026-04-27,GRANEL,324,0,0,K,No,ABARROTES,,GRANEL,DEL CARMEN,1000,0,,28
HUESO MANZANO,CARNICO / RES,Gastronomia,54achd64fg,86ao0esop6,Activo,2026-04-27,SIN MARCA,325,0,0,K,Si,CARNICO,RES,GRANEL,MARVE,1000,0,,5
HUESO POLLO,CARNICO / AVES,Gastronomia,54achd64fg,86ao0esop6,Activo,2026-04-27,SIN MARCA,326,0,0,K,Si,CARNICO,AVES,GRANEL,SAN CAMILO,1000,0,,7
HUESO RES,CARNICO / RES,Gastronomia,54achd64fg,86ao0esop6,Activo,2026-04-27,SIN MARCA,327,0,0,K,Si,CARNICO,RES,GRANEL,MARVE,1000,0,,5
HUEVERA PESCADO,CARNICOP / PESCADOS Y MARISCOS,Gastronomia,54achd64fg,86ao0esop6,Activo,2026-04-27,SIN MARCA,328,0,0,K,Si,CARNICOP,PESCADOS Y MARISCOS,GRANEL,CHELITA,1000,0,,12
HUEVOS,ABARROTES,Gastronomia,54achd64fg,86ao0esop6,Activo,2026-04-27,AVICOLA,329,0,0,K,No,ABARROTES,,GRANEL x kg,DEL CARMEN,1000,0,,9.8
HUEVOS CODORNIZ,ABARROTES,Gastronomia,54achd64fg,86ao0esop6,Activo,2026-04-27,SIN MARCA,330,0,0,U,No,ABARROTES,,PAQ X 24 U,DEL CARMEN,1,0,,5
JABON LIQUIDO,ABARROTES,Gastronomia,54achd64fg,86ao0esop6,Activo,2026-04-27,SAPOLIO,331,0,0,L,No,ABARROTES,,FRAS X 0.300 K,DEL CARMEN,1,0,,5
JACK DANIELS,ABARROTES,Gastronomia,54achd64fg,86ao0esop6,Activo,2026-04-27,JACK DANIELS,785,0,0,U,No,ABARROTES,,BOT,DON PEDRITO,1,0,,50
JACK DANIELS HONEY,ABARROTES,Gastronomia,54achd64fg,86ao0esop6,Activo,2026-04-27,JACK DANIELS,789,0,0,L,No,ABARROTES,,BOTELLA X 750 ML,DON PEDRITO,1000,0,,58
JALAPEÑOS,VERDURAS,Gastronomia,54achd64fg,86ao0esop6,Activo,2026-04-27,SIN MARCA,332,0,0,K,Si,VERDURAS,,GRANEL,DEL CARMEN,1000,0,,18
JALEA DE GUANABANA,ABARROTES,Gastronomia,54achd64fg,86ao0esop6,Activo,2026-04-27,SIN MARCA,333,0,0,K,No,ABARROTES,,TAPER X 1 K,MAS VENTAS,1000,0,,6
JALEA ROJA,ABARROTES,Gastronomia,54achd64fg,86ao0esop6,Activo,2026-04-27,SIN MARCA,334,0,0,K,No,ABARROTES,,TAPER X 1 K,MAS VENTAS,1000,0,,6
JALEA TRANSPARENTE,ABARROTES,Gastronomia,54achd64fg,86ao0esop6,Activo,2026-04-27,SIN MARCA,335,0,0,K,No,ABARROTES,,TAPER X 1 K,MAS VENTAS,1000,0,,6
JALEA VERDE,ABARROTES,Gastronomia,54achd64fg,86ao0esop6,Activo,2026-04-27,SIN MARCA,336,0,0,K,No,ABARROTES,,TAPER X 1 K,MAS VENTAS,1000,0,,6
JAMON DEL PAIS,ABARROTES,Gastronomia,54achd64fg,86ao0esop6,Activo,2026-04-27,RICO POLLO,338,0,0,K,Si,ABARROTES,,PORCION X 0.200 K,DEL CARMEN,1000,0,,12.5
JAMON INGLES,ABARROTES,Gastronomia,54achd64fg,86ao0esop6,Activo,2026-04-27,GRANEL,337,0,0,K,Si,ABARROTES,,PORCION X 0.200 K,DEL CARMEN,1000,0,,28
JAMON PIZZA,ABARROTES,Gastronomia,54achd64fg,86ao0esop6,Activo,2026-04-27,GRANEL,339,0,0,K,Si,ABARROTES,,PORCION X 0.100 K,DEL CARMEN,1000,0,,35.6
JAMON SERRANO,ABARROTES,Gastronomia,54achd64fg,86ao0esop6,Activo,2026-04-27,GRANEL,340,0,0,K,Si,ABARROTES,,PORCION X 0.100 K,PLAZA VEA,1000,0,,96
JAMON YORK,ABARROTES,Gastronomia,54achd64fg,86ao0esop6,Activo,2026-04-27,GRANEL,341,0,0,K,Si,ABARROTES,,PORCION X 0.100 K,DEL CARMEN,1000,0,,23
JARABE CANELA,ABARROTES,Gastronomia,54achd64fg,86ao0esop6,Activo,2026-04-27,ARTISAH,342,0,0,L,No,ABARROTES,,BOTELLA,DON PEDRITO,1000,%,,15
JARABE CARAMELO,ABARROTES,Gastronomia,54achd64fg,86ao0esop6,Activo,2026-04-27,WILSAN,343,0,0,L,No,ABARROTES,,BOT,DON PEDRITO,1,0,,15
JARABE DE GOMA,ABARROTES,Gastronomia,54achd64fg,86ao0esop6,Activo,2026-04-27,WILSAN,344,0,0,L,No,ABARROTES,,BOT X 0.750 L,DON PEDRITO,1000,0,,7
JARABE DE UVA,ABARROTES,Gastronomia,54achd64fg,86ao0esop6,Activo,2026-04-27,LUVAR,345,0,0,L,No,ABARROTES,,BOT,DON PEDRITO,1,0,,14
JARABE GRANADINA,ABARROTES,Gastronomia,54achd64fg,86ao0esop6,Activo,2026-04-27,LUVAR,346,0,0,L,No,ABARROTES,,BOT,DEL CARMEN,1,0,,7
JEREZ,ABARROTES,Gastronomia,54achd64fg,86ao0esop6,Activo,2026-04-27,TIO PEPE,347,0,0,U,No,ABARROTES,,BOT,DON PEDRITO,1,0,,75
JIM BEAN,ABARROTES,Gastronomia,54achd64fg,86ao0esop6,Activo,2026-04-27,JIM BEAN,348,0,0,L,No,ABARROTES,,BOT,DON PEDRITO,1,0,,60
JUGO CRAMBERRY,ABARROTES,Gastronomia,54achd64fg,86ao0esop6,Activo,2026-04-27,L'ONDA,349,0,0,L,No,ABARROTES,,CAJA X 1 L,DEL CARMEN,1000,0,,7
JUGO DURAZNO GRANDE,ABARROTES,Gastronomia,54achd64fg,86ao0esop6,Activo,2026-04-27,GLORIA,351,0,0,L,No,ABARROTES,,CAJA X 1 L,DEL CARMEN,1,0,,2.7
JUGO MANGO GRANDE,ABARROTES,Gastronomia,54achd64fg,86ao0esop6,Activo,2026-04-27,GLORIA,353,0,0,L,No,ABARROTES,,CAJA X 1 L,DEL CARMEN,1000,0,,2.7
JUGO MANZANA GRANDE,ABARROTES,Gastronomia,54achd64fg,86ao0esop6,Activo,2026-04-27,GLORIA,355,0,0,L,No,ABARROTES,,CAJA X 1 L,DEL CARMEN,1000,0,,2.7
JUGO MARACUYA GRANDE,ABARROTES,Gastronomia,54achd64fg,86ao0esop6,Activo,2026-04-27,GLORIA,357,0,0,L,No,ABARROTES,,CAJA X 1 L,DEL CARMEN,1000,0,,2.7
JUGO NARANJA GRANDE,ABARROTES,Gastronomia,54achd64fg,86ao0esop6,Activo,2026-04-27,GLORIA,359,0,0,L,No,ABARROTES,,CAJA X 1 L,DEL CARMEN,1000,0,,2.7
JUGO PERA GRANDE,ABARROTES,Gastronomia,54achd64fg,86ao0esop6,Activo,2026-04-27,GLORIA,360,0,0,L,No,ABARROTES,,CAJA X 1 L,DEL CARMEN,1,0,,2.7
JUGO PIÑA GRANDE,ABARROTES,Gastronomia,54achd64fg,86ao0esop6,Activo,2026-04-27,GLORIA,362,0,0,L,No,ABARROTES,,CAJA X 1 L,DEL CARMEN,1000,0,,2.7
JUGO TOMATE,ABARROTES,Gastronomia,54achd64fg,86ao0esop6,Activo,2026-04-27,DEL MONTE,363,0,0,L,Si,ABARROTES,,LATA X 500ML,DEL CARMEN,1000,0,,10
KETCHUP BALDE,ABARROTES,Gastronomia,54achd64fg,86ao0esop6,Activo,2026-04-27,B Y D,364,0,0,K,No,ABARROTES,,BALDE X 4 K,DEL CARMEN,1000,0,,17
KION,VERDURAS,Gastronomia,54achd64fg,86ao0esop6,Activo,2026-04-27,SIN MARCA,365,0,0,K,Si,VERDURAS,,GRANEL,DEL CARMEN,1000,0.1,,7
KIURI,VERDURAS,Gastronomia,54achd64fg,86ao0esop6,Activo,2026-04-27,SIN MARCA,366,0,0,U,Si,VERDURAS,,GRANEL,DEL CARMEN,1000,0,,3.5
KIWI,FRUTA,Gastronomia,54achd64fg,86ao0esop6,Activo,2026-04-27,SIN MARCA,367,0,0,K,Si,FRUTA,,GRANEL,DEL CARMEN,1000,0,,8
KIWICHA POP,ABARROTES,Gastronomia,54achd64fg,86ao0esop6,Activo,2026-04-27,SEIPROSA,368,0,0,K,No,ABARROTES,,BOLSA X 0.100 K,DEL CARMEN,1000,0,,24
LACTACIO DE CALCIO,,Gastronomia,54achd64fg,86ao0esop6,Activo,2026-04-27,,870,0,0,Sin unidad,Si,,,,PASSSION FOODS,1000,0,,
LANGOSTINO,CARNICOP / PESCADOS Y MARISCOS,Gastronomia,54achd64fg,86ao0esop6,Activo,2026-04-27,SIN MARCA,369,0,0,K,Si,CARNICOP,PESCADOS Y MARISCOS,GRANEL,CHELITA,1000,0.05,,33
LAPAS,CARNICOP / PESCADOS Y MARISCOS,Gastronomia,54achd64fg,86ao0esop6,Activo,2026-04-27,SIN MARCA,370,0,0,K,Si,CARNICOP,PESCADOS Y MARISCOS,GRANEL,CHELITA,1000,0.15,,28
LAUREL,ABARROTES,Gastronomia,54achd64fg,86ao0esop6,Activo,2026-04-27,SIN MARCA,842,0,0,K,No,ABARROTES,,GRANEL,,1000,0,,165
LAVA VAJILLA SAPOLIO,,Gastronomia,54achd64fg,86ao0esop6,Activo,2026-04-27,,815,0,0,Sin unidad,Si,,,,,1000,0,,
LECHE COCO,ABARROTES,Gastronomia,54achd64fg,86ao0esop6,Activo,2026-04-27,CHAOKOH,371,0,0,L,Si,ABARROTES,,LATA X 0.400 L,DEL CARMEN,1000,0,,10.5
LECHE CONDENSADA,ABARROTES,Gastronomia,54achd64fg,86ao0esop6,Activo,2026-04-27,GLORIA,372,0,0,L,No,ABARROTES,,SOBRE X 1.200,DEL CARMEN,1000,0,,15.250000000000002
LECHE EN POLVO,ABARROTES,Gastronomia,54achd64fg,86ao0esop6,Activo,2026-04-27,GRANEL,373,0,0,K,No,ABARROTES,,GRANEL,DEL CARMEN,1000,0,,26
LECHE EVAPORADA,ABARROTES,Gastronomia,54achd64fg,86ao0esop6,Activo,2026-04-27,GLORIA,374,0,0,L,No,ABARROTES,,LATA X 0.410 L,DEL CARMEN,1000,0,,7.317073170731708
LECHE FRESCA,ABARROTES,Gastronomia,54achd64fg,86ao0esop6,Activo,2026-04-27,GLORIA,375,0,0,L,No,ABARROTES,,CAJA X 1L,DEL CARMEN,1000,0,,3.6
LECHE SOYA,ABARROTES,Gastronomia,54achd64fg,86ao0esop6,Activo,2026-04-27,SOY VIDA,376,0,0,L,No,ABARROTES,,LATA X 0.400 L,DEL CARMEN,1000,0,,3.75
LECHUGA CAROLA,VERDURAS,Gastronomia,54achd64fg,86ao0esop6,Activo,2026-04-27,SIN MARCA,377,0,0,U,Si,VERDURAS,,GRANEL,DEL CARMEN,1,0.15,,1
LECHUGA MORADA,VERDURAS,Gastronomia,54achd64fg,86ao0esop6,Activo,2026-04-27,SIN MARCA,378,0,0,U,Si,VERDURAS,,GRANEL,DEL CARMEN,1,0.15,,2.5
LECHUGA ORGANICA,VERDURAS,Gastronomia,54achd64fg,86ao0esop6,Activo,2026-04-27,SIN MARCA,379,0,0,U,Si,VERDURAS,,GRANEL,DEL CARMEN,1,0.15,,3
LECHUGA ROMANA,VERDURAS,Gastronomia,54achd64fg,86ao0esop6,Activo,2026-04-27,SIN MARCA,380,0,0,U,Si,VERDURAS,,GRANEL,DEL CARMEN,1,0,,2.5
LECITINA DE SOYA,ABARROTES,Gastronomia,54achd64fg,86ao0esop6,Activo,2026-04-27,PASSION FOODS,865,0,0,K,Si,ABARROTES,,GRANEL,PASSSION FOODS,1000,0,,400.02
LEMONCHELO,ABARROTES,Gastronomia,54achd64fg,86ao0esop6,Activo,2026-04-27,VILLA MASSA,381,0,0,U,No,ABARROTES,,BOT,DON PEDRITO,1,0,,25
LENGUA CORDERO,CARNICO / CORDERO,Gastronomia,54achd64fg,86ao0esop6,Activo,2026-04-27,SIN MARCA,382,0,0,K,Si,CARNICO,CORDERO,GRANEL,MARVE,1000,0,,
LENGUA RES,CARNICO / RES,Gastronomia,54achd64fg,86ao0esop6,Activo,2026-04-27,SIN MARCA,383,0,0,K,Si,CARNICO,RES,GRANEL,MARVE,1000,0,,16
LENGUADO ENTERO,CARNICOP / PESCADOS Y MARISCOS,Gastronomia,54achd64fg,86ao0esop6,Activo,2026-04-27,SIN MARCA,384,0,0,K,Si,CARNICOP,PESCADOS Y MARISCOS,GRANEL,CHELITA,1000,0.5,,43
LENTEJAS,ABARROTES,Gastronomia,54achd64fg,86ao0esop6,Activo,2026-04-27,SIN MARCA,811,0,0,K,Si,ABARROTES,,GRANEL,,1000,0,,
LENTEJAS CHOCOLATE,ABARROTES,Gastronomia,54achd64fg,86ao0esop6,Activo,2026-04-27,GRANEL,385,0,0,K,No,ABARROTES,,GRANEL,DEL CARMEN,1000,0,,18
LENTEJAS DULCES,ABARROTES,Gastronomia,54achd64fg,86ao0esop6,Activo,2026-04-27,GRANEL,386,0,0,K,No,ABARROTES,,GRANEL,DEL CARMEN,1000,0,,4
LENTEJITAS DULCES,ABARROTES,Gastronomia,54achd64fg,86ao0esop6,Activo,2026-04-27,SIN MARCA,861,0,0,K,Si,ABARROTES,,GRANEL,,1000,0,,5
LEVADURA FRESCA,ABARROTES,Gastronomia,54achd64fg,86ao0esop6,Activo,2026-04-27,FLEISHMAM,387,0,0,K,Si,ABARROTES,,PAQ X 0.500 K,DEL CARMEN,1000,0,,8.5
LEVADURA INSTANTANEA MASA SALADA,ABARROTES,Gastronomia,54achd64fg,86ao0esop6,Activo,2026-04-27,FLEISHMAM,388,0,0,K,No,ABARROTES,,PAQ X 0.125 K,DEL CARMEN,1000,0,,34.4
LICCCHA,VERDURAS,Gastronomia,54achd64fg,86ao0esop6,Activo,2026-04-27,SIN MARCA,389,0,0,ATD,Si,VERDURAS,,GRANEL,DEL CARMEN,1,0,,2
LICOR CACAO,ABARROTES,Gastronomia,54achd64fg,86ao0esop6,Activo,2026-04-27,BOLS,390,0,0,L,No,ABARROTES,,BOT,DEL CARMEN,1,0,,30
LICOR CHOCOLATE,ABARROTES,Gastronomia,54achd64fg,86ao0esop6,Activo,2026-04-27,MITJANS,808,0,0,Sin unidad,Si,ABARROTES,,BOTELLA,,1,0,,25
LICOR DE AVELLANAS,ABARROTES,Gastronomia,54achd64fg,86ao0esop6,Activo,2026-04-27,FRANGELICO,391,0,0,L,No,ABARROTES,,BOTELLA,DON PEDRITO,1,0,,48
LICOR DE CAFÉ,ABARROTES,Gastronomia,54achd64fg,86ao0esop6,Activo,2026-04-27,KAHLUA,392,0,0,L,No,ABARROTES,,BOT X 0.750 L,DON PEDRITO,1,0,,40
LICOR DE CASIS,ABARROTES,Gastronomia,54achd64fg,86ao0esop6,Activo,2026-04-27,BOLS,393,0,0,L,No,ABARROTES,,BOT,DON PEDRITO,1,0,,49
LICOR DE CEREZAS,ABARROTES,Gastronomia,54achd64fg,86ao0esop6,Activo,2026-04-27,KIRSCH,394,0,0,L,No,ABARROTES,,BOT X 0.750 L,DON PEDRITO,1000,0,,75
LICOR DE CHERRY,ABARROTES,Gastronomia,54achd64fg,86ao0esop6,Activo,2026-04-27,DU BOUCHETT,395,0,0,L,No,ABARROTES,,BOT,DON PEDRITO,1000,0,,45
LICOR DE FRESA,ABARROTES,Gastronomia,54achd64fg,86ao0esop6,Activo,2026-04-27,SIN MARCA,396,0,0,L,No,ABARROTES,,BOTELLA,DON PEDRITO,1000,0,,25
LICOR DE MANDARINA,ABARROTES,Gastronomia,54achd64fg,86ao0esop6,Activo,2026-04-27,MARIE BRIZARD,397,0,0,L,No,ABARROTES,,BOT,DON PEDRITO,1000,0,,52
LICOR DE MELON,ABARROTES,Gastronomia,54achd64fg,86ao0esop6,Activo,2026-04-27,DUBONNET,846,0,0,L,Si,ABARROTES,,BOT,,1,0,,45
LICOR DE MENTA,ABARROTES,Gastronomia,54achd64fg,86ao0esop6,Activo,2026-04-27,MITJANS,398,0,0,L,No,ABARROTES,,BOT,DON PEDRITO,1000,0,,18
LICOR DE NARANJA,ABARROTES,Gastronomia,54achd64fg,86ao0esop6,Activo,2026-04-27,BOLS,400,0,0,L,No,ABARROTES,,BOT,DON PEDRITO,1000,0,,18
LICOR DE NARANJA,ABARROTES,Gastronomia,54achd64fg,86ao0esop6,Activo,2026-04-27,COINTREAU,399,0,0,U,No,ABARROTES,,BOTELLA,DON PEDRITO,1,0,,48
LICOR DRAMBUIE,ABARROTES,Gastronomia,54achd64fg,86ao0esop6,Activo,2026-04-27,DRAMBUIE,401,0,0,L,No,ABARROTES,,BOT,DON PEDRITO,1000,0,,45
LICOR DURAZNO,ABARROTES,Gastronomia,54achd64fg,86ao0esop6,Activo,2026-04-27,DU BOUCHETT,402,0,0,L,No,ABARROTES,,BOT,DON PEDRITO,1,0,,30
LICOR LYCHEE,ABARROTES,Gastronomia,54achd64fg,86ao0esop6,Activo,2026-04-27,KAJPER,403,0,0,L,No,ABARROTES,,BOT,DON PEDRITO,1,0,,55
LICOR MANZANA,ABARROTES,Gastronomia,54achd64fg,86ao0esop6,Activo,2026-04-27,DU BOUCHETT,404,0,0,L,No,ABARROTES,,BOT,DON PEDRITO,1,0,,49
LICOR MARRASQUINO,ABARROTES,Gastronomia,54achd64fg,86ao0esop6,Activo,2026-04-27,BOLS,405,0,0,L,No,ABARROTES,,BOT,DON PEDRITO,1000,0,,48
LICOR RICARD,ABARROTES,Gastronomia,54achd64fg,86ao0esop6,Activo,2026-04-27,BOLS,406,0,0,L,No,ABARROTES,,BOT,DON PEDRITO,1,0,,65
LICOR SANDIA,ABARROTES,Gastronomia,54achd64fg,86ao0esop6,Activo,2026-04-27,BOLS,407,0,0,L,No,ABARROTES,,BOT,DON PEDRITO,1,0,,30
LIMA,FRUTA,Gastronomia,54achd64fg,86ao0esop6,Activo,2026-04-27,SIN MARCA,408,0,0,K,Si,FRUTA,,GRANEL,DEL CARMEN,1000,0.15,,6
LIME JUICE,ABARROTES,Gastronomia,54achd64fg,86ao0esop6,Activo,2026-04-27,LIME JUICE,409,0,0,L,No,ABARROTES,,BOT X 1 L,DON PEDRITO,1,0,,18
LIMON,VERDURAS,Gastronomia,54achd64fg,86ao0esop6,Activo,2026-04-27,SIN MARCA,410,0,0,K,Si,VERDURAS,,GRANEL,DEL CARMEN,1000,0,,9.8
LOMO CORDERO,CARNICO / CORDERO,Gastronomia,54achd64fg,86ao0esop6,Activo,2026-04-27,SIN MARCA,411,0,0,K,Si,CARNICO,CORDERO,GRANEL,MARVE,1000,0.05,,25
LOMO DE CERDO,CARNICO / CERDO,Gastronomia,54achd64fg,86ao0esop6,Activo,2026-04-27,SIN MARCA,412,0,0,K,Si,CARNICO,CERDO,GRANEL,MARVE,1000,0.03,,16.5
LOMO FINO,CARNICO / RES,Gastronomia,54achd64fg,86ao0esop6,Activo,2026-04-27,SIN MARCA,413,0,0,K,Si,CARNICO,RES,GRANEL,MARVE,1000,0.35,,55
LONJA CERDO,CARNICO / CERDO,Gastronomia,54achd64fg,86ao0esop6,Activo,2026-04-27,SIN MARCA,414,0,0,K,Si,CARNICO,CERDO,GRANEL,MARVE,1000,0.05,,12
LUCUMA,FRUTA,Gastronomia,54achd64fg,86ao0esop6,Activo,2026-04-27,SIN MARCA,415,0,0,K,Si,FRUTA,,GRANEL,DEL CARMEN,1000,0,,12.5
LYCHEE,ABARROTES,Gastronomia,54achd64fg,86ao0esop6,Activo,2026-04-27,KING MAX,416,0,0,K,No,ABARROTES,,LATA X 657 GR,DEL CARMEN,1,0,,7.5
MACHAS SECAS,CARNICOP / PESCADOS Y MARISCOS,Gastronomia,54achd64fg,86ao0esop6,Activo,2026-04-27,SIN MARCA,417,0,0,K,Si,CARNICOP,PESCADOS Y MARISCOS,GRANEL,DEL CARMEN,1000,0,,250
MAGRET PATO,CARNICO / AVES,Gastronomia,54achd64fg,86ao0esop6,Activo,2026-04-27,SIN MARCA,418,0,0,K,Si,CARNICO,AVES,solo venden entero,MARVE,1000,0.75,,16
MAICENA,ABARROTES,Gastronomia,54achd64fg,86ao0esop6,Activo,2026-04-27,GRANEL,419,0,0,K,No,ABARROTES,,GRANEL,DEL CARMEN,1000,0,,5.8
MAIZ CABANITA,ABARROTES,Gastronomia,54achd64fg,86ao0esop6,Activo,2026-04-27,SIN MARCA,420,0,0,K,No,ABARROTES,,GRANEL,DEL CARMEN,1000,0,,8.2
MAIZ CHOCHOCA GRANDE,ABARROTES,Gastronomia,54achd64fg,86ao0esop6,Activo,2026-04-27,SIN MARCA,421,0,0,K,No,ABARROTES,,GRANEL,DEL CARMEN,1000,0,,12
MAIZ CHULPI,ABARROTES,Gastronomia,54achd64fg,86ao0esop6,Activo,2026-04-27,SIN MARCA,422,0,0,K,No,ABARROTES,,GRANEL,DEL CARMEN,1000,0,,10.6
MAIZ CUSQUEÑO,ABARROTES,Gastronomia,54achd64fg,86ao0esop6,Activo,2026-04-27,SIN MARCA,423,0,0,K,No,ABARROTES,,GRANEL,DEL CARMEN,1000,0,,11
MAIZ DESGRANADO,VERDURAS,Gastronomia,54achd64fg,86ao0esop6,Activo,2026-04-27,SIN MARCA,424,0,0,K,Si,VERDURAS,,GRANEL,DEL CARMEN,1000,0,,4
MAIZ MORADO,VERDURAS,Gastronomia,54achd64fg,86ao0esop6,Activo,2026-04-27,SIN MARCA,425,0,0,K,No,VERDURAS,,GRANEL,DEL CARMEN,,0,,3
MAIZ MOTE,ABARROTES,Gastronomia,54achd64fg,86ao0esop6,Activo,2026-04-27,SIN MARCA,426,0,0,K,No,ABARROTES,,GRANEL,DEL CARMEN,1000,0,,6
MALAYA RES,CARNICO / RES,Gastronomia,54achd64fg,86ao0esop6,Activo,2026-04-27,SIN MARCA,427,0,0,K,Si,CARNICO,RES,GRANEL,MARVE,1000,0.1,,15
MALIBU,ABARROTES,Gastronomia,54achd64fg,86ao0esop6,Activo,2026-04-27,MALIBU,428,0,0,L,No,ABARROTES,,BOT,DON PEDRITO,1,0,,35
MANDARINA,FRUTA,Gastronomia,54achd64fg,86ao0esop6,Activo,2026-04-27,SIN MARCA,429,0,0,K,Si,FRUTA,,GRANEL,DEL CARMEN,1000,0,,4.5
MANDARINA,FRUTA,Gastronomia,54achd64fg,86ao0esop6,Activo,2026-04-27,,,0,0,K,No,FRUTA,,GRANEL,DEL CARMEN,,,,
MANDIOCA,ABARROTES,Gastronomia,54achd64fg,86ao0esop6,Activo,2026-04-27,GRANEL,431,0,0,K,No,ABARROTES,,GRANEL x kg,DEL CARMEN,1000,0,,7.5
MANDARINA S/P,FRUTA,Gastronomia,54achd64fg,86ao0esop6,Activo,2026-04-27,SIN MARCA,430,0,0,K,Si,FRUTA,,GRANEL,DEL CARMEN,1000,0.15,,4
MANI TOSTADO,ABARROTES,Gastronomia,54achd64fg,86ao0esop6,Activo,2026-04-27,SIN MARCA,433,0,0,K,No,ABARROTES,,GRANEL,DEL CARMEN,1000,0,,14
MANJAR BLANCO,ABARROTES,Gastronomia,54achd64fg,86ao0esop6,Activo,2026-04-27,NESTLE,434,0,0,K,No,ABARROTES,,BOLSA X 1 K,DEL CARMEN,1000,0,,18.2
MANTECA,ABARROTES,Gastronomia,54achd64fg,86ao0esop6,Activo,2026-04-27,GRANEL,435,0,0,K,No,ABARROTES,,GRANEL,DEL CARMEN,1000,0,,3
MANTECA CERDO,CARNICO / CERDO,Gastronomia,54achd64fg,86ao0esop6,Activo,2026-04-27,SIN MARCA,436,0,0,K,Si,CARNICO,CERDO,GRANEL,MARVE,1000,0,,
MANTEQUILLA DE MANI,ABARROTES,Gastronomia,54achd64fg,86ao0esop6,Activo,2026-04-27,FRATELLO,437,0,0,FCO,No,ABARROTES,,FRAS X 0.500 K,DEL CARMEN,500,0,,39
MANTEQUILLA SIN SAL,ABARROTES,Gastronomia,54achd64fg,86ao0esop6,Activo,2026-04-27,GRANEL,438,0,0,K,No,ABARROTES,,GRANEL,AQP FOODS,1000,0,,43
MANGO,FRUTA,Gastronomia,54achd64fg,86ao0esop6,Activo,2026-04-27,SIN MARCA,432,0,0,K,Si,FRUTA,,GRANEL,DEL CARMEN,1000,0,,3.5
MANZANA ROJA,FRUTA,Gastronomia,54achd64fg,86ao0esop6,Activo,2026-04-27,SIN MARCA,439,0,0,K,Si,FRUTA,,GRANEL,DEL CARMEN,1000,0,,8
maqueta de torta de tecnopor,ABARROTES,Gastronomia,54achd64fg,86ao0esop6,Activo,2026-04-27,SIN MARCA,441,0,0,K,No,ABARROTES,,,PIÑATERIA,1000,0,,5
MANZANA VERDE,FRUTA,Gastronomia,54achd64fg,86ao0esop6,Activo,2026-04-27,SIN MARCA,440,0,0,K,Si,FRUTA,,GRANEL,DEL CARMEN,1000,0,,9
MARGARINA C/S,ABARROTES,Gastronomia,54achd64fg,86ao0esop6,Activo,2026-04-27,SELLO DE ORO,443,0,0,K,No,ABARROTES,,GRANEL,DEL CARMEN,1000,0,,14.75
MARGARINA HOJALDRADA,ABARROTES,Gastronomia,54achd64fg,86ao0esop6,Activo,2026-04-27,PRIMABERA,444,0,0,K,No,ABARROTES,,PAQ X 2 K,DEL CARMEN,1000,0,,9.75
MARGARINA S/S,ABARROTES,Gastronomia,54achd64fg,86ao0esop6,Activo,2026-04-27,PRIMABERA,445,0,0,K,No,ABARROTES,,PAQ X 2 K,DEL CARMEN,1000,0,,18.8
MARRASQUINOS,ABARROTES,Gastronomia,54achd64fg,86ao0esop6,Activo,2026-04-27,GRANEL,446,0,0,K,No,ABARROTES,,FRAS X 1 K,DEL CARMEN,1000,0,,28
MARSHMALLOWS,ABARROTES,Gastronomia,54achd64fg,86ao0esop6,Activo,2026-04-27,MELLOWS,447,0,0,K,No,ABARROTES,,BOLSA X 0.200 K,DEL CARMEN,1,0,,13.91304347826087
MASA BRISEE,ABARROTES,Gastronomia,54achd64fg,86ao0esop6,Activo,2026-04-27,SIN MARCA,831,0,0,K,Si,ABARROTES,,GRANEL,,1000,0,,
MASA FROLA,ABARROTES,Gastronomia,54achd64fg,86ao0esop6,Activo,2026-04-27,SIN MARCA,830,0,0,K,Si,ABARROTES,,GRANEL,,1000,0,,
MASA MADRE,ABARROTES,Gastronomia,54achd64fg,86ao0esop6,Activo,2026-04-27,SIN MARCA,824,0,0,K,Si,ABARROTES,,GRANEL,,1000,0,,
MASA SABLEE,ABARROTES,Gastronomia,54achd64fg,86ao0esop6,Activo,2026-04-27,SIN MARCA,829,0,0,K,Si,ABARROTES,,GRANEL,,1000,0,,
MASA SABLEE DE ALMENDRAS,ABARROTES,Gastronomia,54achd64fg,86ao0esop6,Activo,2026-04-27,SIN MARCA,832,0,0,K,Si,ABARROTES,,GRANEL,,1000,0,,
MASA STRUDEL,ABARROTES,Gastronomia,54achd64fg,86ao0esop6,Activo,2026-04-27,SIN MARCA,826,0,0,K,Si,ABARROTES,,GRANEL,,1000,0,,
MARACUYA,FRUTA,Gastronomia,54achd64fg,86ao0esop6,Activo,2026-04-27,SIN MARCA,442,0,0,K,Si,FRUTA,,GRANEL,DEL CARMEN,1000,0,,3
MASA WANTAN,VERDURAS,Gastronomia,54achd64fg,86ao0esop6,Activo,2026-04-27,SIN MARCA,449,0,0,PQT,Si,VERDURAS,,GRANEL,DEL CARMEN,25,0,,4.72
MATE DE COCA,ABARROTES,Gastronomia,54achd64fg,86ao0esop6,Activo,2026-04-27,DEL VALLE,451,0,0,U,No,ABARROTES,,CAJA X 25 U,DEL CARMEN,1,0,,0.068
MATE DE MANZANILLA,ABARROTES,Gastronomia,54achd64fg,86ao0esop6,Activo,2026-04-27,HERVI,452,0,0,U,No,ABARROTES,,CAJA X 25 SOBRES,DEL CARMEN,1000,0,,0.07200000000000001
MAYONESA BALDE,ABARROTES,Gastronomia,54achd64fg,86ao0esop6,Activo,2026-04-27,ALACENA,453,0,0,K,No,ABARROTES,,BALDE X 4 K,DEL CARMEN,1,0,,49
MEJORADOR MASAS,ABARROTES,Gastronomia,54achd64fg,86ao0esop6,Activo,2026-04-27,GRANEL,454,0,0,K,No,ABARROTES,,GRANEL,DEL CARMEN,1000,0,,13.33
MASA WANTAN REDONDO,VERDURAS,Gastronomia,54achd64fg,86ao0esop6,Activo,2026-04-27,SIN MARCA,450,0,0,PQT,Si,VERDURAS,,GRANEL,DEL CARMEN,25,0,,3.5
MEJORANA SECA,ABARROTES,Gastronomia,54achd64fg,86ao0esop6,Activo,2026-04-27,GRANEL,456,0,0,K,No,ABARROTES,,SOBRE X 0.012 K,DEL CARMEN,1000,0,,210
MEJORANA FRESCA,VERDURAS,Gastronomia,54achd64fg,86ao0esop6,Activo,2026-04-27,SIN MARCA,455,0,0,ATD,Si,VERDURAS,,GRANEL,DEL CARMEN,1,0,,4.5
MELON,FRUTA,Gastronomia,54achd64fg,86ao0esop6,Activo,2026-04-27,SIN MARCA,457,0,0,K,Si,FRUTA,,GRANEL,DEL CARMEN,1000,0,,1.5
MENSI,ABARROTES,Gastronomia,54achd64fg,86ao0esop6,Activo,2026-04-27,LEE KUM KEE,459,0,0,K,Si,ABARROTES,,FRAS X 0.400 K,DEL CARMEN,1000,0,,11.3
MEMBRILLO,FRUTA,Gastronomia,54achd64fg,86ao0esop6,Activo,2026-04-27,SIN MARCA,458,0,0,K,Si,FRUTA,,GRANEL,DEL CARMEN,1000,0,,4
MERENGUE ITALIANO,ABARROTES,Gastronomia,54achd64fg,86ao0esop6,Activo,2026-04-27,SIN MARCA,834,0,0,K,Si,ABARROTES,,GRANEL,,1000,0,,
MERMELADA DURAZNO,ABARROTES,Gastronomia,54achd64fg,86ao0esop6,Activo,2026-04-27,SILVIA,461,0,0,K,Si,ABARROTES,,BOLSA X 0.500 K,DEL CARMEN,1000,0.1,,4.6
MERMELADA FRAMBUESA,ABARROTES,Gastronomia,54achd64fg,86ao0esop6,Activo,2026-04-27,SILVIA,462,0,0,K,Si,ABARROTES,,BOLSA X 0.250 K,DEL CARMEN,1000,0,,27.2
MERMELADA FRESA,ABARROTES,Gastronomia,54achd64fg,86ao0esop6,Activo,2026-04-27,SILVIA,463,0,0,K,Si,ABARROTES,,BOLSA X 1 K,DEL CARMEN,1000,0,,4.4
MERMELADA MEMBRILLO,ABARROTES,Gastronomia,54achd64fg,86ao0esop6,Activo,2026-04-27,SILVIA,464,0,0,K,Si,ABARROTES,,BOLSA X 0.500 K,DEL CARMEN,1000,0,,8.2
MERMELADA PAPAYA AREQUIPEÑA,ABARROTES,Gastronomia,54achd64fg,86ao0esop6,Activo,2026-04-27,,465,0,0,K,Si,ABARROTES,,BOLSA X 0.500 K,DEL CARMEN,1000,0,,10.6
MERMELADA PIÑA,ABARROTES,Gastronomia,54achd64fg,86ao0esop6,Activo,2026-04-27,SILVIA,466,0,0,K,Si,ABARROTES,,BOLSA X 0.500 K,DEL CARMEN,1000,0,,6.3
MERMELADA SAUCO,ABARROTES,Gastronomia,54achd64fg,86ao0esop6,Activo,2026-04-27,SILVIA,467,0,0,K,Si,ABARROTES,,BOLSA X  K,DEL CARMEN,1000,0,,19.8
MEZCAL,ABARROTES,Gastronomia,54achd64fg,86ao0esop6,Activo,2026-04-27,SIN MARCA,468,0,0,L,No,ABARROTES,,BOTELLA,DON PEDRITO,1000,0,,38
MIEL ABEJA,ABARROTES,Gastronomia,54achd64fg,86ao0esop6,Activo,2026-04-27,CENAP,469,0,0,L,No,ABARROTES,,FRASCO X 550GR,DEL CARMEN,1000,0,,36
MIEL CAÑA,ABARROTES,Gastronomia,54achd64fg,86ao0esop6,Activo,2026-04-27,EL SOMBRERITO,470,0,0,K,No,ABARROTES,,BOT  X 0.500 L,DEL CARMEN,1000,0,,9.6
MIEL CHANCACA,ABARROTES,Gastronomia,54achd64fg,86ao0esop6,Activo,2026-04-27,EL SOMBRERITO,471,0,0,K,No,ABARROTES,,BOT  X 0.500 L,DEL CARMEN,1000,0,,15
MIRIN AJINOMOTO,ABARROTES,Gastronomia,54achd64fg,86ao0esop6,Activo,2026-04-27,KIKKOMAN,472,0,0,L,No,ABARROTES,,BOT  X 0.500 L,DEL CARMEN,1000,0,,52
MISO,ABARROTES,Gastronomia,54achd64fg,86ao0esop6,Activo,2026-04-27,,821,0,0,K,Si,ABARROTES,,GRANEL,,1000,0,,
MENTA,VERDURAS,Gastronomia,54achd64fg,86ao0esop6,Activo,2026-04-27,SIN MARCA,460,0,0,ATD,Si,VERDURAS,,GRANEL,DEL CARMEN,1,0,,5
MIXO,ABARROTES,Gastronomia,54achd64fg,86ao0esop6,Activo,2026-04-27,SIN MARCA,473,0,0,K,No,ABARROTES,,TAPER X 1 K,DEL CARMEN,1000,0,,15.5
MIXTURA DE MARISCOS,CARNICOP / PESCADOS Y MARISCOS,Gastronomia,54achd64fg,86ao0esop6,Activo,2026-04-27,SIN MARCA,474,0,0,K,Si,CARNICOP,PESCADOS Y MARISCOS,GRANEL,CHELITA,1000,0,,30
MOLLEJA POLLO,CARNICO / AVES,Gastronomia,54achd64fg,86ao0esop6,Activo,2026-04-27,SIN MARCA,475,0,0,K,Si,CARNICO,AVES,GRANEL,MARVE,1000,0,,15
MONDADIENTES,ABARROTES,Gastronomia,54achd64fg,86ao0esop6,Activo,2026-04-27,WALLY,476,0,0,PQT,No,ABARROTES,,CAJA CHICA X 200U,DEL CARMEN,1000,0,,0.6
MONDONGO IMPORTADO,CARNICO / RES,Gastronomia,54achd64fg,86ao0esop6,Activo,2026-04-27,SIN MARCA,477,0,0,K,Si,CARNICO,RES,GRANEL,MARVE,1000,0,,12
MONDONGO NACIONAL,CARNICO / RES,Gastronomia,54achd64fg,86ao0esop6,Activo,2026-04-27,SIN MARCA,478,0,0,K,Si,CARNICO,RES,GRANEL,MARVE,1000,0,,15
MORCILLA,ABARROTES,Gastronomia,54achd64fg,86ao0esop6,Activo,2026-04-27,RICO POLLO,479,0,0,K,Si,ABARROTES,,BOLSA X 0.500 K,DEL CARMEN,1000,0,,24
MORTADELA,ABARROTES,Gastronomia,54achd64fg,86ao0esop6,Activo,2026-04-27,BREAD,480,0,0,K,Si,ABARROTES,,GRANEL,DEL CARMEN,1000,0,,21
MOSTAZA BALDE,ABARROTES,Gastronomia,54achd64fg,86ao0esop6,Activo,2026-04-27,B&D,482,0,0,K,No,ABARROTES,,BALDE X 4 K,DEL CARMEN,1,0,,3.625
MOSTAZA DIJON,ABARROTES,Gastronomia,54achd64fg,86ao0esop6,Activo,2026-04-27,DIJON,481,0,0,K,No,ABARROTES,,FRAS X 0.200 K,DEL CARMEN,1000,0,,56.5
MOSTAZA POLVO,ABARROTES,Gastronomia,54achd64fg,86ao0esop6,Activo,2026-04-27,BADIA,483,0,0,K,No,ABARROTES,,FRAS X 0.454 K,DEL CARMEN,1000,0,,64.39999999999999
MIX DE HIERBAS,VERDURAS,Gastronomia,54achd64fg,86ao0esop6,Activo,2026-04-27,SIN MARCA,843,0,0,ATD,Si,VERDURAS,,GRANEL,,1,0,,
MUÑA,VERDURAS,Gastronomia,54achd64fg,86ao0esop6,Activo,2026-04-27,SIN MARCA,484,0,0,ATD,Si,VERDURAS,,GRANEL,DEL CARMEN,1,0,,2.5
MUSLO POLLO,CARNICO / AVES,Gastronomia,54achd64fg,86ao0esop6,Activo,2026-04-27,RICO POLLO,485,0,0,K,Si,CARNICO,AVES,GRANEL,MARVE,1000,0.05,,11.5
MURMUNTA,VERDURAS,Gastronomia,54achd64fg,86ao0esop6,Activo,2026-04-27,SIN MARCA,823,0,0,K,Si,VERDURAS,,GRANEL,,1000,0,,270
NABO,VERDURAS,Gastronomia,54achd64fg,86ao0esop6,Activo,2026-04-27,SIN MARCA,486,0,0,K,Si,VERDURAS,,GRANEL,DEL CARMEN,1000,0.1,,4
NABO CHINO,VERDURAS,Gastronomia,54achd64fg,86ao0esop6,Activo,2026-04-27,SIN MARCA,487,0,0,U,Si,VERDURAS,,GRANEL,DEL CARMEN,1,0,,3.5
NARANJA,FRUTA,Gastronomia,54achd64fg,86ao0esop6,Activo,2026-04-27,SIN MARCA,488,0,0,K,Si,FRUTA,,GRANEL,DEL CARMEN,1000,0,,3
NESCAFE,ABARROTES,Gastronomia,54achd64fg,86ao0esop6,Activo,2026-04-27,NESCAFE,490,0,0,SACHET,No,ABARROTES,,SACHET X 0.050 K,DEL CARMEN,1,0,,6.5
NESCAFE FINA SELECCION,ABARROTES,Gastronomia,54achd64fg,86ao0esop6,Activo,2026-04-27,NESCAFE,491,0,0,K,No,ABARROTES,,LATA X 0.200,DEL CARMEN,1,0,,125
NORI,ABARROTES,Gastronomia,54achd64fg,86ao0esop6,Activo,2026-04-27,RASHIMA,492,0,0,BOLSA,No,ABARROTES,,PAQ X 0.020 K,DEL CARMEN,1,0,,10.5
NUECES,ABARROTES,Gastronomia,54achd64fg,86ao0esop6,Activo,2026-04-27,GRANEL,493,0,0,K,No,ABARROTES,,GRANEL,DEL CARMEN,1000,0,,45
NUEZ MOSCADA,ABARROTES,Gastronomia,54achd64fg,86ao0esop6,Activo,2026-04-27,GRANEL,494,0,0,K,No,ABARROTES,,GRANEL,DEL CARMEN,1000,0,,80
NARANJA JUGO,FRUTA,Gastronomia,54achd64fg,86ao0esop6,Activo,2026-04-27,SIN MARCA,489,0,0,K,Si,FRUTA,,GRANEL,DEL CARMEN,1000,0,,3.5
OJO DE UVA ENTERO,CARNICOP / PESCADOS Y MARISCOS,Gastronomia,54achd64fg,86ao0esop6,Activo,2026-04-27,SIN MARCA,496,0,0,K,Si,CARNICOP,PESCADOS Y MARISCOS,GRANEL,CHELITA,1000,0.45,,32
OCA,VERDURAS,Gastronomia,54achd64fg,86ao0esop6,Activo,2026-04-27,SIN MARCA,495,0,0,K,Si,VERDURAS,,GRANEL,DEL CARMEN,1000,0,,3.5
OPORTO,ABARROTES,Gastronomia,54achd64fg,86ao0esop6,Activo,2026-04-27,DON  BOSCO,498,0,0,U,No,ABARROTES,,BOT X 0.750 L,DEL CARMEN,1000,0,,10.5
OLLUCO,VERDURAS,Gastronomia,54achd64fg,86ao0esop6,Activo,2026-04-27,SIN MARCA,497,0,0,K,Si,VERDURAS,,GRANEL,DEL CARMEN,1000,0,,4
OREGANO SECO,ABARROTES,Gastronomia,54achd64fg,86ao0esop6,Activo,2026-04-27,GRANEL,500,0,0,K,No,ABARROTES,,GRANEL,LA MEJOR,1000,0,,28
OREJONES,ABARROTES,Gastronomia,54achd64fg,86ao0esop6,Activo,2026-04-27,GRANEL,502,0,0,K,No,ABARROTES,,GRANEL,DEL CARMEN,1000,0,,48
OSSOBUCO RES,CARNICO / RES,Gastronomia,54achd64fg,86ao0esop6,Activo,2026-04-27,SIN MARCA,503,0,0,K,Si,CARNICO,RES,GRANEL,MARVE,1000,0.12,,15
PABILO,ABARROTES,Gastronomia,54achd64fg,86ao0esop6,Activo,2026-04-27,SIN MARCA,504,0,0,U,No,ABARROTES,,UNIDAD,DEL CARMEN,1,0,,3.5
OREGANO FRESCO,VERDURAS,Gastronomia,54achd64fg,86ao0esop6,Activo,2026-04-27,SIN MARCA,499,0,0,ATD,Si,VERDURAS,,GRANEL,DEL CARMEN,1,0,,2.5
PACCHOY,VERDURAS,Gastronomia,54achd64fg,86ao0esop6,Activo,2026-04-27,SIN MARCA,505,0,0,U,Si,VERDURAS,,GRANEL,DEL CARMEN,,,,2.5
PALILLO IMPORTADO,ABARROTES,Gastronomia,54achd64fg,86ao0esop6,Activo,2026-04-27,GRANEL,507,0,0,K,No,ABARROTES,,GRANEL,DEL CARMEN,1000,0,,12
PALLARES,ABARROTES,Gastronomia,54achd64fg,86ao0esop6,Activo,2026-04-27,GRANEL,508,0,0,K,No,ABARROTES,,GRANEL,DEL CARMEN,1000,0,,9
PAICO,VERDURAS,Gastronomia,54achd64fg,86ao0esop6,Activo,2026-04-27,SIN MARCA,506,0,0,ATD,Si,VERDURAS,,GRANEL,DEL CARMEN,1,0,,2
PALMITOS,ABARROTES,Gastronomia,54achd64fg,86ao0esop6,Activo,2026-04-27,FLORIDA,510,0,0,K,No,ABARROTES,,FRAS X 0.300 K,DEL CARMEN,1,0,,37.5
PALOS BROCHETA,ABARROTES,Gastronomia,54achd64fg,86ao0esop6,Activo,2026-04-27,SIN MARCA,511,0,0,U,No,ABARROTES,,BOLSA X 70 U,DEL CARMEN,70,0,,1.5
PALOS CHUPETIN,ABARROTES,Gastronomia,54achd64fg,86ao0esop6,Activo,2026-04-27,SIN MARCA,852,0,0,CIENTO,Si,ABARROTES,,GRANEL,,1,0,,5
PALLARES VERDES,VERDURAS,Gastronomia,54achd64fg,86ao0esop6,Activo,2026-04-27,SIN MARCA,509,0,0,K,Si,VERDURAS,,GRANEL,DEL CARMEN,1000,0,,3
PAN 3 PUNTAS,ABARROTES,Gastronomia,54achd64fg,86ao0esop6,Activo,2026-04-27,SIN MARCA,513,0,0,U,No,ABARROTES,,BOLSA X 6 U,SAN CAMILO,1000,0,,1
PAN BAGUETTE,ABARROTES,Gastronomia,54achd64fg,86ao0esop6,Activo,2026-04-27,SIN MARCA,514,0,0,U,No,ABARROTES,,U,LAS AMERICAS,1,0,,1.5
PAN BAGUETTINO,ABARROTES,Gastronomia,54achd64fg,86ao0esop6,Activo,2026-04-27,SIN MARCA,515,0,0,U,No,ABARROTES,,U,LAS AMERICAS,1,0,,0.7
PAN CIABATTA,ABARROTES,Gastronomia,54achd64fg,86ao0esop6,Activo,2026-04-27,SIN MARCA,516,0,0,U,No,ABARROTES,,U,LAS AMERICAS,1,0,,0.3
PAN FRANCES,ABARROTES,Gastronomia,54achd64fg,86ao0esop6,Activo,2026-04-27,SIN MARCA,517,0,0,U,No,ABARROTES,,U,LAS AMERICAS,1,0,,0.3
PAN HAMBURGUESA,ABARROTES,Gastronomia,54achd64fg,86ao0esop6,Activo,2026-04-27,SIN MARCA,518,0,0,U,No,ABARROTES,,U,LAS AMERICAS,1,0,,0.3
PAN HOT DOG,ABARROTES,Gastronomia,54achd64fg,86ao0esop6,Activo,2026-04-27,SIN MARCA,519,0,0,U,No,ABARROTES,,U,LAS AMERICAS,1,0,,0.4
PAN MOLDE CHICO,ABARROTES,Gastronomia,54achd64fg,86ao0esop6,Activo,2026-04-27,LA TORRES,520,0,0,U,No,ABARROTES,,BOLSA,LAS AMERICAS,1,0,,2.5
PAN MOLDE GIGANTE,ABARROTES,Gastronomia,54achd64fg,86ao0esop6,Activo,2026-04-27,LA TORRES,521,0,0,U,No,ABARROTES,,BOLSA,LAS AMERICAS,1,0,,8
PAN MOLDE GRANDE,ABARROTES,Gastronomia,54achd64fg,86ao0esop6,Activo,2026-04-27,LA TORRES,522,0,0,U,No,ABARROTES,,BOLSA,LAS AMERICAS,1,0,,6
PAN MOLIDO,ABARROTES,Gastronomia,54achd64fg,86ao0esop6,Activo,2026-04-27,GRANEL,523,0,0,K,No,ABARROTES,,GRANEL,DEL CARMEN,1000,0,,4.2
PAN PITA,ABARROTES,Gastronomia,54achd64fg,86ao0esop6,Activo,2026-04-27,SIN MARCA,524,0,0,U,No,ABARROTES,,BOLSA,DEL CARMEN,1,0,,0.5
PANCETA CERDO,CARNICO / CERDO,Gastronomia,54achd64fg,86ao0esop6,Activo,2026-04-27,SIN MARCA,525,0,0,K,Si,CARNICO,CERDO,GRANEL,MARVE,1000,0.12,,23
PANELA,,Gastronomia,54achd64fg,86ao0esop6,Activo,2026-04-27,,812,0,0,K,Si,,,,,1000,0,,
PANKO EMBOLSADO,ABARROTES,Gastronomia,54achd64fg,86ao0esop6,Activo,2026-04-27,BREAD CRUMBS,526,0,0,K,No,ABARROTES,,BOLSA X 1K,DEL CARMEN,1000,0,,18.5
PALTA FUERTE,VERDURAS,Gastronomia,54achd64fg,86ao0esop6,Activo,2026-04-27,SIN MARCA,512,0,0,K,Si,VERDURAS,,GRANEL,DEL CARMEN,1000,0,,7
PAPA AMARILLA,VERDURAS,Gastronomia,54achd64fg,86ao0esop6,Activo,2026-04-27,SIN MARCA,527,0,0,K,No,VERDURAS,,GRANEL,DEL CARMEN,1000,0.05,,5.5
PAPA AMARILLA BB,VERDURAS,Gastronomia,54achd64fg,86ao0esop6,Activo,2026-04-27,SIN MARCA,528,0,0,K,No,VERDURAS,,GRANEL,DEL CARMEN,1000,0.01,,2.8
PAPA ANDINA,VERDURAS,Gastronomia,54achd64fg,86ao0esop6,Activo,2026-04-27,SIN MARCA,529,0,0,K,No,VERDURAS,,GRANEL,DEL CARMEN,,,,5
PAPA BLANCA,VERDURAS,Gastronomia,54achd64fg,86ao0esop6,Activo,2026-04-27,SIN MARCA,530,0,0,K,No,VERDURAS,,GRANEL,DEL CARMEN,1000,0.05,,2.8
PAPA COCKTAIL,VERDURAS,Gastronomia,54achd64fg,86ao0esop6,Activo,2026-04-27,SIN MARCA,531,0,0,K,No,VERDURAS,,GRANEL,DEL CARMEN,1000,0.05,,5.5
PAPA HUAMANTANGA,VERDURAS,Gastronomia,54achd64fg,86ao0esop6,Activo,2026-04-27,SIN MARCA,532,0,0,K,No,VERDURAS,,GRANEL,DEL CARMEN,1000,0.05,,6
PAPA HUAYRO,VERDURAS,Gastronomia,54achd64fg,86ao0esop6,Activo,2026-04-27,SIN MARCA,533,0,0,K,No,VERDURAS,,GRANEL,DEL CARMEN,1000,0.05,,6
PAPA LOMITO,VERDURAS,Gastronomia,54achd64fg,86ao0esop6,Activo,2026-04-27,SIN MARCA,534,0,0,K,No,VERDURAS,,GRANEL,DEL CARMEN,,,,3
PAPA NEGRA BB,VERDURAS,Gastronomia,54achd64fg,86ao0esop6,Activo,2026-04-27,SIN MARCA,535,0,0,K,No,VERDURAS,,GRANEL,DEL CARMEN,1000,0,,5.5
PAPA ROSADA,VERDURAS,Gastronomia,54achd64fg,86ao0esop6,Activo,2026-04-27,SIN MARCA,536,0,0,K,No,VERDURAS,,GRANEL,DEL CARMEN,1000,0.05,,2.5
PAPA SECA,ABARROTES,Gastronomia,54achd64fg,86ao0esop6,Activo,2026-04-27,GRANEL,538,0,0,K,No,ABARROTES,,GRANEL,DEL CARMEN,1000,0,,7.5
PAPA ROSADA BB,VERDURAS,Gastronomia,54achd64fg,86ao0esop6,Activo,2026-04-27,SIN MARCA,537,0,0,K,No,VERDURAS,,GRANEL,DEL CARMEN,1000,0,,1.5
PAPA SICA,VERDURAS,Gastronomia,54achd64fg,86ao0esop6,Activo,2026-04-27,SIN MARCA,539,0,0,K,No,VERDURAS,,GRANEL,DEL CARMEN,1000,0.05,,2.5
PAPA TOMASA,VERDURAS,Gastronomia,54achd64fg,86ao0esop6,Activo,2026-04-27,SIN MARCA,540,0,0,K,No,VERDURAS,,GRANEL,DEL CARMEN,1000,0,,2.5
PAPADA CERDO,CARNICO / CERDO,Gastronomia,54achd64fg,86ao0esop6,Activo,2026-04-27,SIN MARCA,542,0,0,K,Si,CARNICO,CERDO,GRANEL,MARVE,1000,0.05,,14.5
PAPAS AL HILO,ABARROTES,Gastronomia,54achd64fg,86ao0esop6,Activo,2026-04-27,GRANEL,543,0,0,K,No,ABARROTES,,GRANEL,DEL CARMEN,1000,0,,16
PAPA YUNGAY,VERDURAS,Gastronomia,54achd64fg,86ao0esop6,Activo,2026-04-27,SIN MARCA,541,0,0,K,No,VERDURAS,,GRANEL,DEL CARMEN,1000,0,,2.5
PAPAYA,FRUTA,Gastronomia,54achd64fg,86ao0esop6,Activo,2026-04-27,SIN MARCA,544,0,0,K,Si,FRUTA,,GRANEL,DEL CARMEN,1000,0,,3
PAPEL DESPACHO,ABARROTES,Gastronomia,54achd64fg,86ao0esop6,Activo,2026-04-27,SIN MARCA,546,0,0,K,No,ABARROTES,,GRANEL,DEL CARMEN,1000,0,,5
PAPEL FILM,ABARROTES,Gastronomia,54achd64fg,86ao0esop6,Activo,2026-04-27,SIN MARCA,547,0,0,U,No,ABARROTES,,CAJA,DEL CARMEN,1,0,,9.5
PAPEL MANTECA,ABARROTES,Gastronomia,54achd64fg,86ao0esop6,Activo,2026-04-27,SIN MARCA,548,0,0,U,No,ABARROTES,,PLIEGO,DEL CARMEN,1,0,,0.4
PAPEL TOALLA (INDUSTRIAL),ABARROTES,Gastronomia,54achd64fg,86ao0esop6,Activo,2026-04-27,ELITE,549,0,0,U,No,ABARROTES,,BOLSA X 3U,DEL CARMEN,1,0,,14.5
PASAS,ABARROTES,Gastronomia,54achd64fg,86ao0esop6,Activo,2026-04-27,GRANEL,550,0,0,K,No,ABARROTES,,GRANEL,DEL CARMEN,1000,0,,13
PASAS RUBIAS,ABARROTES,Gastronomia,54achd64fg,86ao0esop6,Activo,2026-04-27,GRANEL,551,0,0,K,No,ABARROTES,,GRANEL,DEL CARMEN,1000,0,,22
PASTA AJI AMARILLO,ABARROTES,Gastronomia,54achd64fg,86ao0esop6,Activo,2026-04-27,SIN MARCA,552,0,0,K,No,ABARROTES,,GRANEL X 1 K,CEDHI,1,0,,6
PASTA AJI MIRASOL,ABARROTES,Gastronomia,54achd64fg,86ao0esop6,Activo,2026-04-27,SIN MARCA,553,0,0,K,No,ABARROTES,,GRANEL X 1 K,CEDHI,1,0,,16
PASTA AJI PANCA,ABARROTES,Gastronomia,54achd64fg,86ao0esop6,Activo,2026-04-27,SIN MARCA,554,0,0,K,No,ABARROTES,,GRANEL X 1 K,CEDHI,1,0,,12
PASTA CURRY AMARILLO,ABARROTES,Gastronomia,54achd64fg,86ao0esop6,Activo,2026-04-27,MAE PLOY,555,0,0,K,Si,ABARROTES,,SOBRE X 0.050 K,DEL CARMEN,1000,0,,70
PASTA CURRY ROJO,ABARROTES,Gastronomia,54achd64fg,86ao0esop6,Activo,2026-04-27,MAE PLOY,556,0,0,K,Si,ABARROTES,,SOBRE X 0.050 K,DEL CARMEN,1000,0,,70
PASTA CURRY VERDE,ABARROTES,Gastronomia,54achd64fg,86ao0esop6,Activo,2026-04-27,MAE PLOY,557,0,0,K,Si,ABARROTES,,POTE X 0.400 K,DEL CARMEN,1000,0,,28.75
PASTA DE CAMARONES,ABARROTES,Gastronomia,54achd64fg,86ao0esop6,Activo,2026-04-27,SIN MARCA,558,0,0,K,Si,ABARROTES,,GRANEL X 2 K,CEDHI,1000,0,,50
PASTA TOMATE,ABARROTES,Gastronomia,54achd64fg,86ao0esop6,Activo,2026-04-27,MAGGI,559,0,0,K,No,ABARROTES,,SACHET X 1 K,DEL CARMEN,1000,0,,10.3
PATA CERDO CRUDA,CARNICO / CERDO,Gastronomia,54achd64fg,86ao0esop6,Activo,2026-04-27,SIN MARCA,560,0,0,K,Si,CARNICO,CERDO,GRANEL,MARVE,,,,3.5
PATA RES COCIDA,CARNICO / RES,Gastronomia,54achd64fg,86ao0esop6,Activo,2026-04-27,SIN MARCA,561,0,0,K,Si,CARNICO,RES,GRANEL,SAN CAMILO,1000,0,,11
PATA RES CRUDA,CARNICO / RES,Gastronomia,54achd64fg,86ao0esop6,Activo,2026-04-27,SIN MARCA,562,0,0,K,Si,CARNICO,RES,GRANEL,SAN CAMILO,1000,0,,9
PATASCA,ABARROTES,Gastronomia,54achd64fg,86ao0esop6,Activo,2026-04-27,GRANEL,563,0,0,K,No,ABARROTES,,GRANEL,DEL CARMEN,1000,0,,4
PATE CHOUX,ABARROTES,Gastronomia,54achd64fg,86ao0esop6,Activo,2026-04-27,SIN MARCA,827,0,0,K,Si,ABARROTES,,GRANEL,,1000,0,,
PATE POLLO,CARNICO / AVES,Gastronomia,54achd64fg,86ao0esop6,Activo,2026-04-27,RICO POLLO,564,0,0,KG,Si,CARNICO,AVES,PAQ X 100GR,DEL CARMEN,1000,0,,14
PATITA DE CERDO COCIDA,CARNICO / CERDO,Gastronomia,54achd64fg,86ao0esop6,Activo,2026-04-27,SIN MARCA,565,0,0,K,Si,CARNICO,CERDO,GRANEL,MARVE,1000,0,,13
PATITA DE CORDERO COCIDA,CARNICO / CORDERO,Gastronomia,54achd64fg,86ao0esop6,Activo,2026-04-27,SIN MARCA,566,0,0,K,Si,CARNICO,CORDERO,GRANEL,MARVE,1000,0,,22
PATO ENTERO S/V,CARNICO / VARIOS,Gastronomia,54achd64fg,86ao0esop6,Activo,2026-04-27,SIN MARCA,567,0,0,K,Si,CARNICO,VARIOS,GRANEL,MARVE,1000,0.25,,21
PAVITA GUISO,CARNICO / VARIOS,Gastronomia,54achd64fg,86ao0esop6,Activo,2026-04-27,SIN MARCA,568,0,0,K,Si,CARNICO,VARIOS,GRANEL,SUPER MARKET,1000,0,,11.9
PAVITA PECHUGA,CARNICO / VARIOS,Gastronomia,54achd64fg,86ao0esop6,Activo,2026-04-27,SIN MARCA,569,0,0,K,Si,CARNICO,VARIOS,GRANEL,SUPER MARKET,1000,0,,13.9
PAVO ENTERO,CARNICO / AVES,Gastronomia,54achd64fg,86ao0esop6,Activo,2026-04-27,SIN MARCA,570,0,0,K,Si,CARNICO,AVES,GRANEL,MARVE,1000,0,,14
PECANAS,ABARROTES,Gastronomia,54achd64fg,86ao0esop6,Activo,2026-04-27,GRANEL,571,0,0,K,No,ABARROTES,,GRANEL,DEL CARMEN,1000,0,,85
PECETO RES,CARNICO / RES,Gastronomia,54achd64fg,86ao0esop6,Activo,2026-04-27,SIN MARCA,572,0,0,K,Si,CARNICO,RES,GRANEL,MARVE,1000,0,,20
PECHO RES,CARNICO / RES,Gastronomia,54achd64fg,86ao0esop6,Activo,2026-04-27,SIN MARCA,573,0,0,K,Si,CARNICO,RES,GRANEL,MARVE,1000,0,,20
PECHUGA POLLO,CARNICO / AVES,Gastronomia,54achd64fg,86ao0esop6,Activo,2026-04-27,RICO POLLO,574,0,0,K,Si,CARNICO,AVES,GRANEL,MARVE,1000,0.1,,17.5
PECTINA,ABARROTES,Gastronomia,54achd64fg,86ao0esop6,Activo,2026-04-27,SIN MARCA,838,0,0,K,No,ABARROTES,,GRANEL,,1000,0,,
PEJERREY,CARNICOP / PESCADOS Y MARISCOS,Gastronomia,54achd64fg,86ao0esop6,Activo,2026-04-27,SIN MARCA,575,0,0,K,Si,CARNICOP,PESCADOS Y MARISCOS,GRANEL,CHELITA,1000,0.35,,10
PAPAYA AQP,FRUTA,Gastronomia,54achd64fg,86ao0esop6,Activo,2026-04-27,SIN MARCA,545,0,0,K,Si,FRUTA,,GRANEL,DEL CARMEN,1000,0,,4
PENCA DE TUNA,VERDURAS,Gastronomia,54achd64fg,86ao0esop6,Activo,2026-04-27,SIN MARCA,576,0,0,U,No,VERDURAS,,GRANEL,DEL CARMEN,1000,0,,6
PEPINILLO,VERDURAS,Gastronomia,54achd64fg,86ao0esop6,Activo,2026-04-27,SIN MARCA,577,0,0,K,Si,VERDURAS,,GRANEL,DEL CARMEN,1000,0.1,,3
PERA,FRUTA,Gastronomia,54achd64fg,86ao0esop6,Activo,2026-04-27,SIN MARCA,578,0,0,K,Si,FRUTA,,GRANEL,DEL CARMEN,1000,0,,6
PERA AREQUIPEÑA,FRUTA,Gastronomia,54achd64fg,86ao0esop6,Activo,2026-04-27,SIN MARCA,579,0,0,K,Si,FRUTA,,GRANEL,DEL CARMEN,1000,0,,NO HAY
PEREJIL,VERDURAS,Gastronomia,54achd64fg,86ao0esop6,Activo,2026-04-27,SIN MARCA,580,0,0,ATD,Si,VERDURAS,,GRANEL,DEL CARMEN,1,0,,2.5
PERLAS PLATEADAS MEDIANAS,ABARROTES,Gastronomia,54achd64fg,86ao0esop6,Activo,2026-04-27,SIN MARCA,849,0,0,K,No,ABARROTES,,GRANEL,,1000,0,,45
PESCADO SECO,CARNICOP / PESCADOS Y MARISCOS,Gastronomia,54achd64fg,86ao0esop6,Activo,2026-04-27,SIN MARCA,582,0,0,K,Si,CARNICOP,PESCADOS Y MARISCOS,GRANEL,CHELITA,1000,0,,36
PICKLES,ABARROTES,Gastronomia,54achd64fg,86ao0esop6,Activo,2026-04-27,TRESA,583,0,0,FCO,No,ABARROTES,,FRAS X 0.200 K,DEL CARMEN,1,0,,30
PIERNA CERDO,CARNICO / CERDO,Gastronomia,54achd64fg,86ao0esop6,Activo,2026-04-27,SIN MARCA,584,0,0,K,Si,CARNICO,CERDO,GRANEL,MARVE,1000,0.05,,14
PIERNA CON ENCUENTRO,CARNICO / AVES,Gastronomia,54achd64fg,86ao0esop6,Activo,2026-04-27,RICO POLLO,585,0,0,K,Si,CARNICO,AVES,GRANEL,MARVE,1000,0.12,,14.5
PIERNA CORDERO,CARNICO / CORDERO,Gastronomia,54achd64fg,86ao0esop6,Activo,2026-04-27,SIN MARCA,586,0,0,K,Si,CARNICO,CORDERO,GRANEL,MARVE,1000,0.05,,20
PIERNA POLLO,CARNICO / AVES,Gastronomia,54achd64fg,86ao0esop6,Activo,2026-04-27,RICO POLLO,587,0,0,K,Si,CARNICO,AVES,GRANEL,MARVE,1000,0.1,,11
PILAS DURACELL AA,,Gastronomia,54achd64fg,86ao0esop6,Activo,2026-04-27,,809,0,0,PQT,Si,,,,,1000,0,,
PILAS DURACELL AAA,,Gastronomia,54achd64fg,86ao0esop6,Activo,2026-04-27,,810,0,0,K,Si,,,,,1000,0,,
PIMENToN MOLIDO,ABARROTES,Gastronomia,54achd64fg,86ao0esop6,Activo,2026-04-27,GRANEL,588,0,0,K,No,ABARROTES,,GRANEL,DEL CARMEN,1000,0,,6
PIMIENTA CAYENA,ABARROTES,Gastronomia,54achd64fg,86ao0esop6,Activo,2026-04-27,BADIA,589,0,0,K,No,ABARROTES,,FRAS X 0.453 K,DEL CARMEN,1000,0,,40.89
PIMIENTA NEGRA ENTERA,ABARROTES,Gastronomia,54achd64fg,86ao0esop6,Activo,2026-04-27,GRANEL,590,0,0,K,No,ABARROTES,,GRANEL,DEL CARMEN,1000,0,,49
PIMIENTA NEGRA MOLIDA,ABARROTES,Gastronomia,54achd64fg,86ao0esop6,Activo,2026-04-27,SIN MARCA,591,0,0,K,No,ABARROTES,,GRANEL,DEL CARMEN,1000,0,,48
PIMIENTA ROJA ENTERA,ABARROTES,Gastronomia,54achd64fg,86ao0esop6,Activo,2026-04-27,BADIA,592,0,0,K,No,ABARROTES,,FRAS X 0.255 K,DEL CARMEN,1000,0,,272
PIMIENTA VERDE ENTERA,ABARROTES,Gastronomia,54achd64fg,86ao0esop6,Activo,2026-04-27,BADIA,593,0,0,K,No,ABARROTES,,FRAS X 0.283 K,DEL CARMEN,1000,0,,210.63
PEREJIL CRESPO,VERDURAS,Gastronomia,54achd64fg,86ao0esop6,Activo,2026-04-27,SIN MARCA,581,0,0,ATD,Si,VERDURAS,,GRANEL,DEL CARMEN,1,0,,5
PIMIENTO AMARILLO,VERDURAS,Gastronomia,54achd64fg,86ao0esop6,Activo,2026-04-27,SIN MARCA,594,0,0,K,Si,VERDURAS,,GRANEL,DEL CARMEN,1000,0,,8
PIMIENTO ROJO,VERDURAS,Gastronomia,54achd64fg,86ao0esop6,Activo,2026-04-27,SIN MARCA,595,0,0,K,Si,VERDURAS,,GRANEL,DEL CARMEN,1000,0,,6
PINCELES,ABARROTES,Gastronomia,54achd64fg,86ao0esop6,Activo,2026-04-27,SIN MARCA,597,0,0,U,No,ABARROTES,,U,PILI MILI,1,0,,1.5
PINTADILLA ENTERA,CARNICOP / PESCADOS Y MARISCOS,Gastronomia,54achd64fg,86ao0esop6,Activo,2026-04-27,SIN MARCA,598,0,0,K,Si,CARNICOP,PESCADOS Y MARISCOS,GRANEL,CHELITA,1000,0,,35
PIMIENTO VERDE,VERDURAS,Gastronomia,54achd64fg,86ao0esop6,Activo,2026-04-27,SIN MARCA,596,0,0,K,Si,VERDURAS,,GRANEL,DEL CARMEN,1000,0,,8
PIÑA LATA,ABARROTES,Gastronomia,54achd64fg,86ao0esop6,Activo,2026-04-27,COMPAS,600,0,0,LATA,No,ABARROTES,,LATA,DEL CARMEN,1,0,,4.8
PIÑONES,ABARROTES,Gastronomia,54achd64fg,86ao0esop6,Activo,2026-04-27,BADIA,601,0,0,K,No,ABARROTES,,SOBRE X 0.028,DEL CARMEN,1000,0,,517.8
PIROTINES GRANDES,ABARROTES,Gastronomia,54achd64fg,86ao0esop6,Activo,2026-04-27,SIN MARCA,602,0,0,CIENTO,No,ABARROTES,,PAQUETE,MAS VENTAS,100,0,,1.8
PIROTINES N2,ABARROTES,Gastronomia,54achd64fg,86ao0esop6,Activo,2026-04-27,SIN MARCA,850,0,0,CIENTO,No,ABARROTES,,GRANEL,,1,0,,2.5
pirotines N6,ABARROTES,Gastronomia,54achd64fg,86ao0esop6,Activo,2026-04-27,SIN MARCA,603,0,0,CIENTO,No,ABARROTES,,BOLSA X 100,MAS VENTAS,1000,0,,2.5
PISCO ACHOLADO,ABARROTES,Gastronomia,54achd64fg,86ao0esop6,Activo,2026-04-27,TACAMA,604,0,0,U,No,ABARROTES,,BOTELLA,DON PEDRITO,1,0,,35
PISCO ALBILLA,ABARROTES,Gastronomia,54achd64fg,86ao0esop6,Activo,2026-04-27,MAJES TRADICION,605,0,0,U,No,ABARROTES,,BOTELLA,DON PEDRITO,1,0,,48
PISCO ITALIA,ABARROTES,Gastronomia,54achd64fg,86ao0esop6,Activo,2026-04-27,MAJES TRADICION,606,0,0,U,No,ABARROTES,,BOTELLA,DON PEDRITO,1,0,,26
PISCO MOLLAR,ABARROTES,Gastronomia,54achd64fg,86ao0esop6,Activo,2026-04-27,HACIENDA,607,0,0,U,No,ABARROTES,,BOTELLA,DON PEDRITO,1,0,,45
PISCO PURO QUEBRANTA,ABARROTES,Gastronomia,54achd64fg,86ao0esop6,Activo,2026-04-27,MAJES TRADICION,608,0,0,U,No,ABARROTES,,BOTELLA,DON PEDRITO,1,0,,25
PISCO QUEBRANTA,ABARROTES,Gastronomia,54achd64fg,86ao0esop6,Activo,2026-04-27,MAJES TRADICION,609,0,0,U,No,ABARROTES,,BOTELLA X 750 ML,DON PEDRITO,1,0,,25
PISCO TORONTEL,ABARROTES,Gastronomia,54achd64fg,86ao0esop6,Activo,2026-04-27,VIÑA DE ORO,610,0,0,U,No,ABARROTES,,BOTELLA,DON PEDRITO,1,0,,50
PISTACHOS,ABARROTES,Gastronomia,54achd64fg,86ao0esop6,Activo,2026-04-27,GRANEL,611,0,0,K,No,ABARROTES,,GRANEL,DEL CARMEN,1000,0.1,,60
PIÑA,FRUTA,Gastronomia,54achd64fg,86ao0esop6,Activo,2026-04-27,SIN MARCA,599,0,0,K,Si,FRUTA,,GRANEL,DEL CARMEN,1000,0,,3.5
PLATANO BELLACO,FRUTA,Gastronomia,54achd64fg,86ao0esop6,Activo,2026-04-27,SIN MARCA,612,0,0,K,Si,FRUTA,,GRANEL,DEL CARMEN,1000,0,,3.5
PLATANO BIZCOCHO,FRUTA,Gastronomia,54achd64fg,86ao0esop6,Activo,2026-04-27,SIN MARCA,613,0,0,K,Si,FRUTA,,GRANEL,DEL CARMEN,1000,0,,3.5
PLATANO DE ISLA,FRUTA,Gastronomia,54achd64fg,86ao0esop6,Activo,2026-04-27,SIN MARCA,614,0,0,K,Si,FRUTA,,GRANEL,DEL CARMEN,,,,3.5
PLATANO DE SEDA,FRUTA,Gastronomia,54achd64fg,86ao0esop6,Activo,2026-04-27,,851,0,0,U,Si,FRUTA,,U,,1,0,,0.4
PLATANO MADURO,FRUTA,Gastronomia,54achd64fg,86ao0esop6,Activo,2026-04-27,SIN MARCA,615,0,0,U,Si,FRUTA,,GRANEL,DEL CARMEN,1000,0,,0.3333333333333333
PLATOS DESCARTABLES Nº 15,ABARROTES,Gastronomia,54achd64fg,86ao0esop6,Activo,2026-04-27,SIN MARCA,616,0,0,CIENTO,No,ABARROTES,,EMBOLSADO,DEL CARMEN,100,0,,6
POLENTA,ABARROTES,Gastronomia,54achd64fg,86ao0esop6,Activo,2026-04-27,LA CABAÑA,617,0,0,K,No,ABARROTES,,CAJA X 500GR,DEL CARMEN,1000,0,,5.6
POLLO BB,CARNICO / AVES,Gastronomia,54achd64fg,86ao0esop6,Activo,2026-04-27,REDONDOS,618,0,0,U,Si,CARNICO,AVES,GRANEL,METRO,1,0,,20
POLLO ENTERO S/M,CARNICO / AVES,Gastronomia,54achd64fg,86ao0esop6,Activo,2026-04-27,RICO POLLO,619,0,0,K,Si,CARNICO,AVES,GRANEL,MARVE,1000,0,,13.5
POLVO HORNEAR,ABARROTES,Gastronomia,54achd64fg,86ao0esop6,Activo,2026-04-27,GRANEL,620,0,0,K,No,ABARROTES,,GRANEL,DEL CARMEN,1000,0,,8
PLATANO SEDA,FRUTA,Gastronomia,54achd64fg,86ao0esop6,Activo,2026-04-27,,812,0,0,U,Si,FRUTA,,GRANEL,,1,0,,1
PORO,VERDURAS,Gastronomia,54achd64fg,86ao0esop6,Activo,2026-04-27,SIN MARCA,621,0,0,U,Si,VERDURAS,,GRANEL,DEL CARMEN,1,0,,1.5
PREMEZCLA BIZCOCHO,ABARROTES,Gastronomia,54achd64fg,86ao0esop6,Activo,2026-04-27,GRANEL,624,0,0,K,No,ABARROTES,,BOLSA X 25 K,INVEL,1000,0,,3.2
PREMEZCLA PAN DE YEMA,ABARROTES,Gastronomia,54achd64fg,86ao0esop6,Activo,2026-04-27,GRANEL,625,0,0,K,No,ABARROTES,,BOLSA X 25,INVEL,1000,0,,3.3
PREMEZCLA PAN INTEGRAL,ABARROTES,Gastronomia,54achd64fg,86ao0esop6,Activo,2026-04-27,GRANEL,626,0,0,K,No,ABARROTES,,BOLSA X 25 K,INVEL,1000,0,,2.7
PREMEZCLA PAN MULTICEREAL,ABARROTES,Gastronomia,54achd64fg,86ao0esop6,Activo,2026-04-27,GRANEL,627,0,0,K,No,ABARROTES,,BOLSA X 25 K,INVEL,1000,0,,3
PREMEZCLA TORTA CHOCOLATE,ABARROTES,Gastronomia,54achd64fg,86ao0esop6,Activo,2026-04-27,GRANEL,628,0,0,K,No,ABARROTES,,BOLSA,INVEL,1000,0,,7
PULPA CANGREJO,CARNICOP / PESCADOS Y MARISCOS,Gastronomia,54achd64fg,86ao0esop6,Activo,2026-04-27,GRANEL,629,0,0,K,Si,CARNICOP,PESCADOS Y MARISCOS,GRANEL,MAKRO,1000,0,,36.9
PULPA CERDO,CARNICO / CERDO,Gastronomia,54achd64fg,86ao0esop6,Activo,2026-04-27,SIN MARCA,630,0,0,K,Si,CARNICO,CERDO,GRANEL,MARVE,1000,0.05,,22
PORTOBELLOS,VERDURAS,Gastronomia,54achd64fg,86ao0esop6,Activo,2026-04-27,SIN MARCA,622,0,0,K,Si,VERDURAS,,GRANEL,DEL CARMEN,1000,0,,20
PULPA RES,CARNICO / RES,Gastronomia,54achd64fg,86ao0esop6,Activo,2026-04-27,SIN MARCA,632,0,0,K,Si,CARNICO,RES,GRANEL,MARVE,1000,0,,30
PULPO,CARNICOP / PESCADOS Y MARISCOS,Gastronomia,54achd64fg,86ao0esop6,Activo,2026-04-27,SIN MARCA,633,0,0,K,Si,CARNICOP,PESCADOS Y MARISCOS,GRANEL,CHELITA,1000,0,,40
QUESO ANDINO,ABARROTES,Gastronomia,54achd64fg,86ao0esop6,Activo,2026-04-27,SIN MARCA,634,0,0,K,Si,ABARROTES,,PORCION,DEL CARMEN,1000,1,,27
QUESO AZUL,ABARROTES / QUESOS,Gastronomia,54achd64fg,86ao0esop6,Activo,2026-04-27,GRANEL,635,0,0,K,Si,ABARROTES,QUESOS,PORCION X 1 K,FRANCO,1000,0,,59.5
QUESO CABRA,ABARROTES / QUESOS,Gastronomia,54achd64fg,86ao0esop6,Activo,2026-04-27,GRANEL,636,0,0,K,Si,ABARROTES,QUESOS,PORCION X 1 K,FRANCO,1000,0,,78.5
QUESO CHEDDAR,ABARROTES / QUESOS,Gastronomia,54achd64fg,86ao0esop6,Activo,2026-04-27,BELLIDO,637,0,0,K,Si,ABARROTES,QUESOS,PORCION X 1 K,FRANCO,1000,0,,39.8
QUESO CREMA,ABARROTES / QUESOS,Gastronomia,54achd64fg,86ao0esop6,Activo,2026-04-27,FILADELPHIA,638,0,0,K,Si,ABARROTES,QUESOS,CAJA X 0.226 K,DEL CARMEN,1000,0,,38.93805309734513
QUESO DAMBO,ABARROTES / QUESOS,Gastronomia,54achd64fg,86ao0esop6,Activo,2026-04-27,BONLE,639,0,0,K,Si,ABARROTES,QUESOS,PORCION X 1 K,FRANCO,1000,0,,32.5
QUESO EDAM,ABARROTES / QUESOS,Gastronomia,54achd64fg,86ao0esop6,Activo,2026-04-27,BONLE,640,0,0,K,Si,ABARROTES,QUESOS,LAMINAS,DEL CARMEN,1000,0,,31
QUESO FRESCO,ABARROTES / QUESOS,Gastronomia,54achd64fg,86ao0esop6,Activo,2026-04-27,SIN MARCA,641,0,0,K,Si,ABARROTES,QUESOS,MOLDE PEQUEÑO,DEL CARMEN,1000,0,,16
QUESO GOUDA,ABARROTES / QUESOS,Gastronomia,54achd64fg,86ao0esop6,Activo,2026-04-27,LAIVE,642,0,0,K,Si,ABARROTES,QUESOS,PORCION X 1 K,FRANCO,1000,0,,34.8
QUESO GRUYERE,ABARROTES / QUESOS,Gastronomia,54achd64fg,86ao0esop6,Activo,2026-04-27,LA LONCHERITA,643,0,0,K,Si,ABARROTES,QUESOS,PORCION X 1 K,DEL CARMEN,1000,0,,38.1
QUESO MANTECOSO,ABARROTES / QUESOS,Gastronomia,54achd64fg,86ao0esop6,Activo,2026-04-27,SIN MARCA,644,0,0,K,Si,ABARROTES,QUESOS,MOLDE,DEL CARMEN,1000,0,,21
QUESO MASCARPONE,ABARROTES / QUESOS,Gastronomia,54achd64fg,86ao0esop6,Activo,2026-04-27,,645,0,0,K,Si,ABARROTES,QUESOS,TAPER,DEL CARMEN,1000,0,,15
QUESO MOZZARELLA BOLA,ABARROTES / QUESOS,Gastronomia,54achd64fg,86ao0esop6,Activo,2026-04-27,BONLE,646,0,0,K,Si,ABARROTES,QUESOS,BOLA X 0.250 K,DEL CARMEN,1000,0,,34
QUESO PARIA,ABARROTES / QUESOS,Gastronomia,54achd64fg,86ao0esop6,Activo,2026-04-27,SIN MARCA,647,0,0,K,Si,ABARROTES,QUESOS,MOLDE X 1 K,DEL CARMEN,1000,0,,31
QUESO PARMESANO,ABARROTES / QUESOS,Gastronomia,54achd64fg,86ao0esop6,Activo,2026-04-27,LAIVE,648,0,0,K,Si,ABARROTES,QUESOS,PORCION X 0.250 K,DEL CARMEN,1000,0,,77.93
QUESO RICOTTA,ABARROTES / QUESOS,Gastronomia,54achd64fg,86ao0esop6,Activo,2026-04-27,BELLIDO,649,0,0,K,Si,ABARROTES,QUESOS,PORCION X 0.5OO K,FRANCO,1000,0,,27
QUINUA,ABARROTES,Gastronomia,54achd64fg,86ao0esop6,Activo,2026-04-27,VALENTINA,650,0,0,K,No,ABARROTES,,CAJA X 1 K,DEL CARMEN,1000,0,,9
QUINUA NEGRA,ABARROTES,Gastronomia,54achd64fg,86ao0esop6,Activo,2026-04-27,VALENTINA,651,0,0,K,No,ABARROTES,,CAJA X 1 K,DEL CARMEN,500,0,,25
QUINUA POP,ABARROTES,Gastronomia,54achd64fg,86ao0esop6,Activo,2026-04-27,SEIPROSA,652,0,0,KG,No,ABARROTES,,BOLSA X 0.100 K,DEL CARMEN,1000,0,,30
QUINUA ROJA,ABARROTES,Gastronomia,54achd64fg,86ao0esop6,Activo,2026-04-27,VALENTINA,653,0,0,PQT,No,ABARROTES,,CAJA X 1 K,DEL CARMEN,500,0,,10.5
PULPA DE TAMARINDO,VERDURAS,Gastronomia,54achd64fg,86ao0esop6,Activo,2026-04-27,SIN MARCA,631,0,0,K,Si,VERDURAS,,GRANEL,DEL CARMEN,1000,0,,13
RABANITO,VERDURAS,Gastronomia,54achd64fg,86ao0esop6,Activo,2026-04-27,SIN MARCA,654,0,0,ATD,Si,VERDURAS,,GRANEL,DEL CARMEN,1,0,,2.5
refresco chicha morada,ABARROTES,Gastronomia,54achd64fg,86ao0esop6,Activo,2026-04-27,,858,0,0,k,Si,ABARROTES,,sobre x 15g,,1000,0,,50
REMOVEDORES,ABARROTES,Gastronomia,54achd64fg,86ao0esop6,Activo,2026-04-27,SIN MARCA,656,0,0,CIENTO,No,ABARROTES,,PAQ X 100 U,DEL CARMEN,1,0,,19
RACACHA,VERDURAS,Gastronomia,54achd64fg,86ao0esop6,Activo,2026-04-27,SIN MARCA,655,0,0,K,Si,VERDURAS,,GRANEL,DEL CARMEN,1000,0,,10
REPOLLO,VERDURAS,Gastronomia,54achd64fg,86ao0esop6,Activo,2026-04-27,SIN MARCA,657,0,0,U,Si,VERDURAS,,GRANEL,DEL CARMEN,1,0,,4.5
ROCOTO MESA,VERDURAS,Gastronomia,54achd64fg,86ao0esop6,Activo,2026-04-27,SIN MARCA,658,0,0,K,Si,VERDURAS,,GRANEL,DEL CARMEN,1000,0,,7
ROCOTO RELLENO,VERDURAS,Gastronomia,54achd64fg,86ao0esop6,Activo,2026-04-27,SIN MARCA,659,0,0,K,Si,VERDURAS,,GRANEL,DEL CARMEN,1000,0,,7
ROMERO SECO,ABARROTES,Gastronomia,54achd64fg,86ao0esop6,Activo,2026-04-27,GRANEL,661,0,0,K,No,ABARROTES,,GRANEL,DEL CARMEN,1000,0.2,,25
RON AÑEJO,ABARROTES,Gastronomia,54achd64fg,86ao0esop6,Activo,2026-04-27,BRUGAL,663,0,0,L,No,ABARROTES,,BOT,DON PEDRITO,1,0,,32
RON BLANCO,ABARROTES,Gastronomia,54achd64fg,86ao0esop6,Activo,2026-04-27,APPLETON,662,0,0,L,No,ABARROTES,,BOT,DON PEDRITO,1,0,,27
RON BRUGAL BLANCO,ABARROTES,Gastronomia,54achd64fg,86ao0esop6,Activo,2026-04-27,BRUGAL,664,0,0,L,No,ABARROTES,,BOT,DON PEDRITO,1,0,,22
RON CARTAVIO BLANCO,ABARROTES,Gastronomia,54achd64fg,86ao0esop6,Activo,2026-04-27,RON CARTAVIO,665,0,0,L,No,ABARROTES,,BOTELLA X 1 L,DON PEDRITO,1,0,,18
RON CARTAVIO SELECTO,ABARROTES,Gastronomia,54achd64fg,86ao0esop6,Activo,2026-04-27,RON CARTAVIO,666,0,0,L,No,ABARROTES,,BOTELLA,DON PEDRITO,1000,0,,25
RON CARTAVIO SOLERA,ABARROTES,Gastronomia,54achd64fg,86ao0esop6,Activo,2026-04-27,RON CARTAVIO,667,0,0,L,No,ABARROTES,,BOT,DON PEDRITO,1,0,,57
RON DIPLOMATICO,ABARROTES,Gastronomia,54achd64fg,86ao0esop6,Activo,2026-04-27,DIPLOMATICO,668,0,0,L,No,ABARROTES,,BOT,DON PEDRITO,1000,0,,45
RON FLOR DE CAÑA 5,ABARROTES,Gastronomia,54achd64fg,86ao0esop6,Activo,2026-04-27,FLOR DE CAÑA,669,0,0,L,No,ABARROTES,,BOT,DON PEDRITO,1,0,,29
RON MYERS,ABARROTES,Gastronomia,54achd64fg,86ao0esop6,Activo,2026-04-27,MYERS,670,0,0,L,No,ABARROTES,,BOT,DON PEDRITO,1,0,,33
RON RUBIO,ABARROTES,Gastronomia,54achd64fg,86ao0esop6,Activo,2026-04-27,RON CARTAVIO,671,0,0,L,No,ABARROTES,,BOTELLA X 1L,DON PEDRITO,1000,0,,19.5
ROSAS,ABARROTES,Gastronomia,54achd64fg,86ao0esop6,Activo,2026-04-27,SIN MARCA,672,0,0,U,No,ABARROTES,,GRANEL,SAN CAMILO,12,0,,5
RUSSKAYA VODKA,ABARROTES,Gastronomia,54achd64fg,86ao0esop6,Activo,2026-04-27,RUSSKAYA,673,0,0,U,No,ABARROTES,,BOT,DON PEDRITO,1,0,,16
ROMERO,VERDURAS,Gastronomia,54achd64fg,86ao0esop6,Activo,2026-04-27,SIN MARCA,660,0,0,ATD,Si,VERDURAS,,GRANEL,DEL CARMEN,1,0.1,,2
SAKE,ABARROTES,Gastronomia,54achd64fg,86ao0esop6,Activo,2026-04-27,TAKARA MIRIN,675,0,0,L,No,ABARROTES,,BOT X 0.750 L,DEL CARMEN,1000,0,,66
SAL,ABARROTES,Gastronomia,54achd64fg,86ao0esop6,Activo,2026-04-27,SAL MARINA,676,0,0,K,No,ABARROTES,,BOLSA X 25 U,DEL CARMEN,1000,0,,1.24
SAL DE MARAS PARRILLA,ABARROTES,Gastronomia,54achd64fg,86ao0esop6,Activo,2026-04-27,SAL MARAS,677,0,0,K,No,ABARROTES,,BOLSA X 0.500 K,FRANCO,1,0,,13
SAL GRUESA,ABARROTES,Gastronomia,54achd64fg,86ao0esop6,Activo,2026-04-27,DOS ANCLAS,678,0,0,K,No,ABARROTES,,CAJA X 1K,DEL CARMEN,1000,0,,10.5
SALAME,ABARROTES,Gastronomia,54achd64fg,86ao0esop6,Activo,2026-04-27,RICO POLLO,679,0,0,K,Si,ABARROTES,,PAQ X 0.200 K,DEL CARMEN,1000,0,,41
SALCHICHAS AQP,ABARROTES,Gastronomia,54achd64fg,86ao0esop6,Activo,2026-04-27,RICO POLLO,680,0,0,K,Si,ABARROTES,,PAQUETE,DEL CARMEN,1000,0,,38
SALMON,CARNICOP / PESCADOS Y MARISCOS,Gastronomia,54achd64fg,86ao0esop6,Activo,2026-04-27,MIKUNA,681,0,0,K,Si,CARNICOP,PESCADOS Y MARISCOS,PORCION X 1 K,FRANCO,1000,0,,75.5
SALSA BARBACOA,ABARROTES,Gastronomia,54achd64fg,86ao0esop6,Activo,2026-04-27,HUNTS,682,0,0,L,No,ABARROTES,,BOT X 0.510 L,DEL CARMEN,1000,0,,16.9811320754717
SALSA HOISIN,ABARROTES,Gastronomia,54achd64fg,86ao0esop6,Activo,2026-04-27,LEE KUM KEE,683,0,0,L,No,ABARROTES,,FRAS X 0.400 K,DEL CARMEN,1000,0,,8
SALSA INGLESA,ABARROTES,Gastronomia,54achd64fg,86ao0esop6,Activo,2026-04-27,LEA & PERRINS,684,0,0,L,No,ABARROTES,,BOT X 0.290 L,DEL CARMEN,1000,0,,40.25
SALSA OSTION,ABARROTES,Gastronomia,54achd64fg,86ao0esop6,Activo,2026-04-27,PANDA,685,0,0,L,No,ABARROTES,,BOT X 0.907 L,DEL CARMEN,1000,0,,17.22
SALSA PESCADO,ABARROTES,Gastronomia,54achd64fg,86ao0esop6,Activo,2026-04-27,TIPAROS,686,0,0,L,No,ABARROTES,,BOT X 0.700 L,DEL CARMEN,1000,0,,21.42857142857143
SALSA TOMATE,ABARROTES,Gastronomia,54achd64fg,86ao0esop6,Activo,2026-04-27,MOLITALIA,687,0,0,K,No,ABARROTES,,SACHET X 0.245 K,DEL CARMEN,1000,0,,10
SALSEROS PLASTICO,ABARROTES,Gastronomia,54achd64fg,86ao0esop6,Activo,2026-04-27,SIN MARCA,688,0,0,U,No,ABARROTES,,U,PLASTICOS,100,0,,4
SALVADO DE TRIGO,ABARROTES,Gastronomia,54achd64fg,86ao0esop6,Activo,2026-04-27,SEIPROSA,689,0,0,K,No,ABARROTES,,BOLSA X 0.350 K,DEL CARMEN,1000,0,,7.142857142857143
SACHATOMATE,VERDURAS,Gastronomia,54achd64fg,86ao0esop6,Activo,2026-04-27,SIN MARCA,674,0,0,K,Si,VERDURAS,,GRANEL,DEL CARMEN,1000,0,,8
SALVIA,VERDURAS,Gastronomia,54achd64fg,86ao0esop6,Activo,2026-04-27,SIN MARCA,690,0,0,ATD,Si,VERDURAS,,GRANEL,DEL CARMEN,1,0,,3.5
RABO DE RES,,Gastronomia,54achd64fg,86ao0esop6,Activo,2026-04-27,,,0,0,Sin unidad,Si,,,,,,,,15
SANCOCHADO RES,CARNICO / RES,Gastronomia,54achd64fg,86ao0esop6,Activo,2026-04-27,SIN MARCA,692,0,0,K,Si,CARNICO,RES,GRANEL,MARVE,1000,0,,13.8
SANCAYO,FRUTA,Gastronomia,54achd64fg,86ao0esop6,Activo,2026-04-27,SIN MARCA,691,0,0,U,Si,FRUTA,,GRANEL,DEL CARMEN,1,0,,5
SARANDAJAS,ABARROTES,Gastronomia,54achd64fg,86ao0esop6,Activo,2026-04-27,GRANEL,694,0,0,K,No,ABARROTES,,GRANEL,DEL CARMEN,1000,0,,NO TIENEN
SECADOR BLANCO,ABARROTES,Gastronomia,54achd64fg,86ao0esop6,Activo,2026-04-27,SIN MARCA,695,0,0,U,No,ABARROTES,,U,DEL CARMEN,1000,2,,4
SEMILLA MOSTAZA,ABARROTES,Gastronomia,54achd64fg,86ao0esop6,Activo,2026-04-27,GRANEL,696,0,0,K,No,ABARROTES,,GRANEL,DEL CARMEN,1000,0,,70
SEMILLAS CULANTRO,ABARROTES,Gastronomia,54achd64fg,86ao0esop6,Activo,2026-04-27,BADIA,697,0,0,K,No,ABARROTES,,FRASCO X 0.340 K,DEL CARMEN,1000,0,,21
SEMOLA FINA,ABARROTES,Gastronomia,54achd64fg,86ao0esop6,Activo,2026-04-27,GRANEL,698,0,0,K,No,ABARROTES,,GRANEL,DEL CARMEN,1000,0,,3.5
SENCCA DE RES,,Gastronomia,54achd64fg,86ao0esop6,Activo,2026-04-27,,,0,0,Sin unidad,Si,,,,,1000,0,,
SERVILLETAS COCKTAIL,ABARROTES,Gastronomia,54achd64fg,86ao0esop6,Activo,2026-04-27,ELITE,699,0,0,PQT,No,ABARROTES,,PAQ X 40,DEL CARMEN,40,0,,2
SHIITAKE,ABARROTES,Gastronomia,54achd64fg,86ao0esop6,Activo,2026-04-27,GRANEL,700,0,0,K,No,ABARROTES,,GRANEL,DEL CARMEN,1000,0,,115
SILLAO,ABARROTES,Gastronomia,54achd64fg,86ao0esop6,Activo,2026-04-27,AJIONOSILLAO,701,0,0,L,No,ABARROTES,,BOT X 0.500 L,DEL CARMEN,1000,0,,5.8
SILLAO CHAMPIGNON,ABARROTES,Gastronomia,54achd64fg,86ao0esop6,Activo,2026-04-27,LEE KUM KEE,702,0,0,L,No,ABARROTES,,BOT X 0.500 L,DEL CARMEN,1000,0,,13
SILLAO CLARO,ABARROTES,Gastronomia,54achd64fg,86ao0esop6,Activo,2026-04-27,LEE KUM KEE,703,0,0,L,No,ABARROTES,,BOT X 0.500 L,DEL CARMEN,1000,0,,38
SILLAO OSCURO,ABARROTES,Gastronomia,54achd64fg,86ao0esop6,Activo,2026-04-27,LEE KUM KEE,704,0,0,L,No,ABARROTES,,BOT X 0.500 L,DEL CARMEN,1000,0,,13
SOLOMILLO CERDO,CARNICO / CERDO,Gastronomia,54achd64fg,86ao0esop6,Activo,2026-04-27,SIN MARCA,706,0,0,K,Si,CARNICO,CERDO,GRANEL,MARVE,1000,0.05,,25
SORBETES,ABARROTES,Gastronomia,54achd64fg,86ao0esop6,Activo,2026-04-27,SIN MARCA,707,0,0,PQT,No,ABARROTES,,PAQ X 100 U,DEL CARMEN,1,0,,1.5
SPAGHETTI,ABARROTES,Gastronomia,54achd64fg,86ao0esop6,Activo,2026-04-27,DON VITORIO,708,0,0,K,No,ABARROTES,,PAQ X 0.500 L,DEL CARMEN,1000,0,,4.8
SPRITE,ABARROTES,Gastronomia,54achd64fg,86ao0esop6,Activo,2026-04-27,SPRITE,709,0,0,L,No,ABARROTES,,BOT X 0.500 L,DEL CARMEN,1000,0,,4
TABASCO,ABARROTES,Gastronomia,54achd64fg,86ao0esop6,Activo,2026-04-27,BRAND PEPPER SAUCE,710,0,0,L,No,ABARROTES,,BOTELLA X 0.060 L,DEL CARMEN,1000,0,,191.66666666666669
TALLARIN DELGADO,ABARROTES,Gastronomia,54achd64fg,86ao0esop6,Activo,2026-04-27,DON VITORIO,711,0,0,K,No,ABARROTES,,PAQUETE X .0500 K,DEL CARMEN,1000,0,,4.8
TALLARIN GRUESO,ABARROTES,Gastronomia,54achd64fg,86ao0esop6,Activo,2026-04-27,DON VITORIO,712,0,0,K,No,ABARROTES,,PAQ 0.500 K,DEL CARMEN,1000,0,,4.8
TAMARINDO,,Gastronomia,54achd64fg,86ao0esop6,Activo,2026-04-27,,805,0,0,Sin unidad,Si,,,,DEL CARMEN,1000,0,,
TAPER X 1L,ABARROTES,Gastronomia,54achd64fg,86ao0esop6,Activo,2026-04-27,SIN MARCA,713,0,0,U,No,ABARROTES,,PAQ X 100U,DEL CARMEN,1000,5,,43
TAUSI,ABARROTES,Gastronomia,54achd64fg,86ao0esop6,Activo,2026-04-27,MI HON TON FON,714,0,0,K,No,ABARROTES,,FRAS X 0.500 K,DEL CARMEN,1000,0,,7.5
TE EARL GREY,ABARROTES,Gastronomia,54achd64fg,86ao0esop6,Activo,2026-04-27,,715,0,0,SOB,No,ABARROTES,,CAJA X 20 U,DEL CARMEN,1,0,,0.18
TE PURO,ABARROTES,Gastronomia,54achd64fg,86ao0esop6,Activo,2026-04-27,MC COLINS,716,0,0,U,No,ABARROTES,,CAJA X 25 SOBRES,DEL CARMEN,1000,0,,0.07200000000000001
TE VERDE,ABARROTES,Gastronomia,54achd64fg,86ao0esop6,Activo,2026-04-27,HERVI,717,0,0,U,No,ABARROTES,,CAJA X 20 U,DEL CARMEN,1000,0,,0.2
TENEDORES DESCARTABLES CHICOS,ABARROTES,Gastronomia,54achd64fg,86ao0esop6,Activo,2026-04-27,CUBIERTOS GOLAZO,718,0,0,CIENTO,No,ABARROTES,,BOLSA,DEL CARMEN,100,0,,2
TEQUILA BLANCO,ABARROTES,Gastronomia,54achd64fg,86ao0esop6,Activo,2026-04-27,JOSE CUERBO,719,0,0,L,No,ABARROTES,,BOTELLA,DON PEDRITO,1,0,,32
TEQUILA RUBIO,ABARROTES,Gastronomia,54achd64fg,86ao0esop6,Activo,2026-04-27,JOSE CUERBO,720,0,0,L,No,ABARROTES,,BOTELLA,DON PEDRITO,1,0,,29
TOCINO ENTERO,ABARROTES,Gastronomia,54achd64fg,86ao0esop6,Activo,2026-04-27,RICO POLLO,721,0,0,K,Si,ABARROTES,,PAQUETE X 1K,DEL CARMEN,1000,0,,38.5
TOCINO LAMINADO,ABARROTES,Gastronomia,54achd64fg,86ao0esop6,Activo,2026-04-27,RICO POLLO,722,0,0,K,No,ABARROTES,,PAQUETE X 1K,DEL CARMEN,1000,0,,9
SANDIA,FRUTA,Gastronomia,54achd64fg,86ao0esop6,Activo,2026-04-27,SIN MARCA,693,0,0,K,Si,FRUTA,,GRANEL,DEL CARMEN,1000,0,,1.5
TOGARASHI,ABARROTES,Gastronomia,54achd64fg,86ao0esop6,Activo,2026-04-27,S & B,724,0,0,K,No,ABARROTES,,FASCO X 0.015 K,DEL CARMEN,1000,0,,1000
TOFU,VERDURAS,Gastronomia,54achd64fg,86ao0esop6,Activo,2026-04-27,,723,0,0,K,Si,VERDURAS,,TAPER X 500GR,DEL CARMEN,1000,0,,20
TOMATE,VERDURAS,Gastronomia,54achd64fg,86ao0esop6,Activo,2026-04-27,SIN MARCA,725,0,0,K,Si,VERDURAS,,GRANEL,DEL CARMEN,1000,0,,4
TOMATE CHERRY,VERDURAS,Gastronomia,54achd64fg,86ao0esop6,Activo,2026-04-27,SIN MARCA,726,0,0,K,Si,VERDURAS,,TAPER,DEL CARMEN,1000,0,,28
TOMATE REDONDO,VERDURAS,Gastronomia,54achd64fg,86ao0esop6,Activo,2026-04-27,SIN MARCA,727,0,0,K,Si,VERDURAS,,GRANEL,DEL CARMEN,1000,0,,5
TOMILLO SECO,ABARROTES,Gastronomia,54achd64fg,86ao0esop6,Activo,2026-04-27,GRANEL,729,0,0,K,No,ABARROTES,,GRANEL,DEL CARMEN,1000,0,,18
TOMILLO FRESCO,VERDURAS,Gastronomia,54achd64fg,86ao0esop6,Activo,2026-04-27,SIN MARCA,728,0,0,ATD,Si,VERDURAS,,GRANEL,DEL CARMEN,1,0.05,,4
TORONJA,FRUTA,Gastronomia,54achd64fg,86ao0esop6,Activo,2026-04-27,SIN MARCA,730,0,0,K,Si,FRUTA,,GRANEL,DEL CARMEN,1000,0,,5
TORONJA ROSADA,FRUTA,Gastronomia,54achd64fg,86ao0esop6,Activo,2026-04-27,SIN MARCA,731,0,0,K,Si,FRUTA,,GRANEL,DEL CARMEN,1000,0,,5
TORTILLAS,ABARROTES,Gastronomia,54achd64fg,86ao0esop6,Activo,2026-04-27,BIMBO,733,0,0,PQT X 10 U,No,ABARROTES,,PAQ X 310 GR,DEL CARMEN,10,0,,5.5
TRIGO,ABARROTES,Gastronomia,54achd64fg,86ao0esop6,Activo,2026-04-27,GRANEL,734,0,0,K,No,ABARROTES,,GRANEL,DEL CARMEN,1000,0,,3
TRIGO PELADO,ABARROTES,Gastronomia,54achd64fg,86ao0esop6,Activo,2026-04-27,GRANEL,735,0,0,K,No,ABARROTES,,GRANEL,DEL CARMEN,1000,0,,4.6
TRIPA GORDA,CARNICO / RES,Gastronomia,54achd64fg,86ao0esop6,Activo,2026-04-27,SIN MARCA,736,0,0,K,Si,CARNICO,RES,GRANEL,SAN CAMILO,1000,0,,13
TRIPAS CORDERO,CARNICO / CORDERO,Gastronomia,54achd64fg,86ao0esop6,Activo,2026-04-27,SIN MARCA,737,0,0,K,Si,CARNICO,CORDERO,GRANEL,MARVE,1000,0.05,,10
TRIPLE SEC,ABARROTES,Gastronomia,54achd64fg,86ao0esop6,Activo,2026-04-27,DUBOCHET,738,0,0,L,No,ABARROTES,,BOTELLA,DON PEDRITO,1,0,,30
TRUCHA FRESCA,CARNICOP / PESCADOS Y MARISCOS,Gastronomia,54achd64fg,86ao0esop6,Activo,2026-04-27,SIN MARCA,739,0,0,K,Si,CARNICOP,PESCADOS Y MARISCOS,GRANEL,CHELITA,1000,0.45,,20
TUETANO DE RES,CARNICO / RES,Gastronomia,54achd64fg,86ao0esop6,Activo,2026-04-27,SIN MARCA,740,0,0,K,Si,CARNICO,RES,GRANEL,MARVE,1000,0,,10
TORONJIL,VERDURAS,Gastronomia,54achd64fg,86ao0esop6,Activo,2026-04-27,SIN MARCA,732,0,0,ATD,Si,VERDURAS,,GRANEL,DEL CARMEN,1,0,,2
TUMBO,FRUTA,Gastronomia,54achd64fg,86ao0esop6,Activo,2026-04-27,SIN MARCA,741,0,0,K,Si,FRUTA,,GRANEL,DEL CARMEN,1000,0,,6
UBRE RES,CARNICO / RES,Gastronomia,54achd64fg,86ao0esop6,Activo,2026-04-27,SIN MARCA,743,0,0,K,Si,CARNICO,RES,GRANEL,MARVE,1000,0,,10
TUNAS,FRUTA,Gastronomia,54achd64fg,86ao0esop6,Activo,2026-04-27,SIN MARCA,742,0,0,K,Si,FRUTA,,GRANEL,DEL CARMEN,1000,0,,6
UVA BORGOÑA,FRUTA,Gastronomia,54achd64fg,86ao0esop6,Activo,2026-04-27,SIN MARCA,744,0,0,K,Si,FRUTA,,GRANEL,DEL CARMEN,1000,0,,4
UVA ITALIA,FRUTA,Gastronomia,54achd64fg,86ao0esop6,Activo,2026-04-27,SIN MARCA,745,0,0,K,Si,FRUTA,,GRANEL,DEL CARMEN,1000,0,,5
UVA NEGRA,FRUTA,Gastronomia,54achd64fg,86ao0esop6,Activo,2026-04-27,SIN MARCA,746,0,0,K,Si,FRUTA,,GRANEL,DEL CARMEN,1000,0,,4
UVA ROSADA,FRUTA,Gastronomia,54achd64fg,86ao0esop6,Activo,2026-04-27,SIN MARCA,747,0,0,K,Si,FRUTA,,GRANEL,DEL CARMEN,,0,,4.5
VAINA DE VAINILLA,ABARROTES,Gastronomia,54achd64fg,86ao0esop6,Activo,2026-04-27,SIN MARCA,749,0,0,U,No,ABARROTES,,SOBRE,DE LIMA,1,0,,27
UVA VERDE,FRUTA,Gastronomia,54achd64fg,86ao0esop6,Activo,2026-04-27,SIN MARCA,748,0,0,K,Si,FRUTA,,GRANEL,DEL CARMEN,1000,0,,6
VALVAS ABANICO,CARNICOP / PESCADOS Y MARISCOS,Gastronomia,54achd64fg,86ao0esop6,Activo,2026-04-27,SIN MARCA,751,0,0,DOC,Si,CARNICOP,PESCADOS Y MARISCOS,DOC,CHELITA,12,0,,3
VASOS DESCARTABLES,ABARROTES,Gastronomia,54achd64fg,86ao0esop6,Activo,2026-04-27,SIN MARCA,752,0,0,CIENTO,No,ABARROTES,,PAQ X 100U,DEL CARMEN,100,0,,4
VERMOUTH BLANCO,ABARROTES,Gastronomia,54achd64fg,86ao0esop6,Activo,2026-04-27,CINZANO,753,0,0,U,No,ABARROTES,,BOT 0.750 L,DON PEDRITO,1,0,,25
VERMOUTH BLANCO,ABARROTES,Gastronomia,54achd64fg,86ao0esop6,Activo,2026-04-27,CINZANO,754,0,0,L,No,ABARROTES,,BOT,DON PEDRITO,1,0,,25
VERMOUTH BLANCO EXTRA DRY,ABARROTES,Gastronomia,54achd64fg,86ao0esop6,Activo,2026-04-27,CINZANO,755,0,0,L,No,ABARROTES,,BOT,DON PEDRITO,1,0,,25
VERMOUTH ROSSO,ABARROTES,Gastronomia,54achd64fg,86ao0esop6,Activo,2026-04-27,CINZANO,756,0,0,L,No,ABARROTES,,BOT,DON PEDRITO,1,0,,25
VERMOUTH SECO,ABARROTES,Gastronomia,54achd64fg,86ao0esop6,Activo,2026-04-27,CINZANO,757,0,0,L,No,ABARROTES,,BOT,DON PEDRITO,1,0,,35
VINAGRE ARROZ (SUSHIS),ABARROTES,Gastronomia,54achd64fg,86ao0esop6,Activo,2026-04-27,MIZKAN,758,0,0,L,No,ABARROTES,,BOT X 0.710 L,DEL CARMEN,1000,0,,32.2
VINAGRE BALSAMICO,ABARROTES,Gastronomia,54achd64fg,86ao0esop6,Activo,2026-04-27,CARBONELL,759,0,0,L,No,ABARROTES,,BOT X 0.250 L,DEL CARMEN,1000,0,,46
VINAGRE BLANCO FIRME,ABARROTES,Gastronomia,54achd64fg,86ao0esop6,Activo,2026-04-27,FIRME,760,0,0,L,No,ABARROTES,,SACHET X 1 L,DEL CARMEN,1000,0,,3.3
VINAGRE DE MANZANA,ABARROTES,Gastronomia,54achd64fg,86ao0esop6,Activo,2026-04-27,LA AREQUIPEÑITA,761,0,0,L,No,ABARROTES,,BOT X 0.500 L,DEL CARMEN,1000,0,,9
VINAGRE ESTRAGON,ABARROTES,Gastronomia,54achd64fg,86ao0esop6,Activo,2026-04-27,BORGES,762,0,0,L,No,ABARROTES,,BOT X 0.250 L,DEL CARMEN,1000,0,,28
VINAGRE JEREZ,ABARROTES,Gastronomia,54achd64fg,86ao0esop6,Activo,2026-04-27,BORGES,763,0,0,L,No,ABARROTES,,BOT X 0.250 L,DEL CARMEN,1000,0,,50
VINAGRE TINTO,ABARROTES,Gastronomia,54achd64fg,86ao0esop6,Activo,2026-04-27,FIRME,764,0,0,L,No,ABARROTES,,SACHET X 1L,DEL CARMEN,1000,0,,2.9
VINAGRE VINO BLANCO,ABARROTES,Gastronomia,54achd64fg,86ao0esop6,Activo,2026-04-27,CARBONELL,765,0,0,L,No,ABARROTES,,BOT X 0.350 L,DEL CARMEN,1000,0,,33.06
VINAGRE VINO TINTO,ABARROTES,Gastronomia,54achd64fg,86ao0esop6,Activo,2026-04-27,ORTALLI,766,0,0,L,No,ABARROTES,,BOT X 1 L,DEL CARMEN,1000,0,,18
VINO BLANCO,ABARROTES,Gastronomia,54achd64fg,86ao0esop6,Activo,2026-04-27,CLOSS,767,0,0,L,No,ABARROTES,,CAJA X 1 L,DEL CARMEN,1000,0,,14
VINO CHARDONAY,ABARROTES,Gastronomia,54achd64fg,86ao0esop6,Activo,2026-04-27,MISIONES DE RENGO,768,0,0,L,No,ABARROTES,,BOTELLA,DON PEDRITO,1000,0,,33.25
VINO COSECHA TARDIA,ABARROTES,Gastronomia,54achd64fg,86ao0esop6,Activo,2026-04-27,CONCHA Y TORO,806,0,0,L,Si,ABARROTES,,BOTELLA X 500,,1,0,,25
VINO DUBONNET,ABARROTES,Gastronomia,54achd64fg,86ao0esop6,Activo,2026-04-27,DUBONNET,769,0,0,L,No,ABARROTES,,BOT,DON PEDRITO,1,0,,30
VINO ESPUMANTE,ABARROTES,Gastronomia,54achd64fg,86ao0esop6,Activo,2026-04-27,SANTIAGO QUEIROLO,770,0,0,L,No,ABARROTES,,BOT X 0.750 L,DON PEDRITO,1,0,,12
VINO MALBEC,ABARROTES,Gastronomia,54achd64fg,86ao0esop6,Activo,2026-04-27,ABERDEEN ANGUS,771,0,0,L,No,ABARROTES,,BOTELLA,DON PEDRITO,1,0,,20
VINO ROSSE,ABARROTES,Gastronomia,54achd64fg,86ao0esop6,Activo,2026-04-27,TACAMA,772,0,0,L,No,ABARROTES,,BOTELLA,DON PEDRITO,1000,0,,60
VINO TANANT,ABARROTES,Gastronomia,54achd64fg,86ao0esop6,Activo,2026-04-27,SANTIAGO QUEIROLO,773,0,0,L,No,ABARROTES,,BOTELLA,DON PEDRITO,1000,0,,35
VINO TINTO,ABARROTES,Gastronomia,54achd64fg,86ao0esop6,Activo,2026-04-27,CLOSS,774,0,0,L,No,ABARROTES,,CAJA X 1L,DEL CARMEN,1000,0,,11
VODKA ABSOLUT CITRON,ABARROTES,Gastronomia,54achd64fg,86ao0esop6,Activo,2026-04-27,ABSOLUT,775,0,0,L,No,ABARROTES,,BOT,DON PEDRITO,1000,0,,39
VODKA ABSOLUT MANGO,ABARROTES,Gastronomia,54achd64fg,86ao0esop6,Activo,2026-04-27,ABSOLUT,776,0,0,L,No,ABARROTES,,BOT,DON PEDRITO,1,0,,35
VODKA ABSOLUT PERA,ABARROTES,Gastronomia,54achd64fg,86ao0esop6,Activo,2026-04-27,ABSOLUT,777,0,0,L,No,ABARROTES,,BOT,DON PEDRITO,1,0,,35
VODKA ABSOLUT VAINILLA,ABARROTES,Gastronomia,54achd64fg,86ao0esop6,Activo,2026-04-27,ABSOLUT,783,0,0,L,No,ABARROTES,,BOT,DON PEDRITO,1,0,,35
VODKA HYPNOTIC,ABARROTES,Gastronomia,54achd64fg,86ao0esop6,Activo,2026-04-27,HIPNOTIC,778,0,0,L,No,ABARROTES,,BOT,DON PEDRITO,1000,0,,40
VODKA MANDARIN,ABARROTES,Gastronomia,54achd64fg,86ao0esop6,Activo,2026-04-27,ABSOLUT,779,0,0,L,No,ABARROTES,,BOT,DON PEDRITO,1,0,,35
VODKA RASPBERRY,ABARROTES,Gastronomia,54achd64fg,86ao0esop6,Activo,2026-04-27,STOLICHNAYA,780,0,0,L,No,ABARROTES,,BOT,DON PEDRITO,1,0,,30
VODKA SKY,ABARROTES,Gastronomia,54achd64fg,86ao0esop6,Activo,2026-04-27,SKY,781,0,0,L,No,ABARROTES,,BOT,DON PEDRITO,1,0,,25
VODKA SMIRNOFF,ABARROTES,Gastronomia,54achd64fg,86ao0esop6,Activo,2026-04-27,SMIRNOFF,782,0,0,L,No,ABARROTES,,BOT,DON PEDRITO,1,0,,25
WASABI,ABARROTES,Gastronomia,54achd64fg,86ao0esop6,Activo,2026-04-27,GRANEL,784,0,0,K,No,ABARROTES,,GRANEL,DEL CARMEN,1000,0,,59
WHISKY BALLANTINES,ABARROTES,Gastronomia,54achd64fg,86ao0esop6,Activo,2026-04-27,BALLANTINES,786,0,0,L,No,ABARROTES,,BOT,DON PEDRITO,1,0,,28
WHISKY ET. ROJA,ABARROTES,Gastronomia,54achd64fg,86ao0esop6,Activo,2026-04-27,JOHNNIE WALKER,787,0,0,L,No,ABARROTES,,BOT,DON PEDRITO,1,0,,30
WHISKY J&B,ABARROTES,Gastronomia,54achd64fg,86ao0esop6,Activo,2026-04-27,J&B,788,0,0,L,No,ABARROTES,,BOT,DON PEDRITO,1,0,,30
WHISKY JAMESON,ABARROTES,Gastronomia,54achd64fg,86ao0esop6,Activo,2026-04-27,JAMESON,791,0,0,L,No,ABARROTES,,BOTELLA,DON PEDRITO,1000,0,,68
WHISKY VAT 69,ABARROTES,Gastronomia,54achd64fg,86ao0esop6,Activo,2026-04-27,VAT 69,792,0,0,L,No,ABARROTES,,BOT,DON PEDRITO,1,0,,25
YOGURT FRESA,ABARROTES,Gastronomia,54achd64fg,86ao0esop6,Activo,2026-04-27,GLORIA,793,0,0,L,Si,ABARROTES,,BOT X 1 L,DEL CARMEN,1000,0,,4.9
YOGURT NATURAL,ABARROTES,Gastronomia,54achd64fg,86ao0esop6,Activo,2026-04-27,GLORIA,794,0,0,L,Si,ABARROTES,,BOT X 1 L,DEL CARMEN,1000,0,,8
YOGURT VAINILLA,ABARROTES,Gastronomia,54achd64fg,86ao0esop6,Activo,2026-04-27,,795,0,0,Sin unidad,Si,ABARROTES,,,DEL CARMEN,1000,0,,4.9
VAINITA,VERDURAS,Gastronomia,54achd64fg,86ao0esop6,Activo,2026-04-27,SIN MARCA,750,0,0,K,Si,VERDURAS,,GRANEL,DEL CARMEN,1000,0,,3.5
YUYOS,CARNICOP / PESCADOS Y MARISCOS,Gastronomia,54achd64fg,86ao0esop6,Activo,2026-04-27,SIN MARCA,797,0,0,PORCIÓN,Si,CARNICOP,PESCADOS Y MARISCOS,GRANEL,CHELITA,1,0,,10
YUCA,VERDURAS,Gastronomia,54achd64fg,86ao0esop6,Activo,2026-04-27,SIN MARCA,796,0,0,K,Si,VERDURAS,,GRANEL,DEL CARMEN,1000,0.15,,3.8
ZANAHORIA,VERDURAS,Gastronomia,54achd64fg,86ao0esop6,Activo,2026-04-27,SIN MARCA,798,0,0,K,Si,VERDURAS,,GRANEL,DEL CARMEN,1000,0.05,,3
ZANAHORIA BB,VERDURAS,Gastronomia,54achd64fg,86ao0esop6,Activo,2026-04-27,SIN MARCA,799,0,0,TAPER,Si,VERDURAS,,TAPER,DEL CARMEN,,,,5
ZAPALLO,VERDURAS,Gastronomia,54achd64fg,86ao0esop6,Activo,2026-04-27,SIN MARCA,800,0,0,K,Si,VERDURAS,,GRANEL,DEL CARMEN,1000,0.1,,4
ZAPALLO CHILENO,VERDURAS,Gastronomia,54achd64fg,86ao0esop6,Activo,2026-04-27,SIN MARCA,801,0,0,K,Si,VERDURAS,,GRANEL,DEL CARMEN,1000,0,,4
ZENCA PRECOCIDA,CARNICO / RES,Gastronomia,54achd64fg,86ao0esop6,Activo,2026-04-27,SIN MARCA,803,0,0,K,Si,CARNICO,RES,GRANEL,SAN CAMILO,1000,0,,16.5
ZAPALLO LOCHE,VERDURAS,Gastronomia,54achd64fg,86ao0esop6,Activo,2026-04-27,SIN MARCA,802,0,0,K,Si,VERDURAS,,GRANEL,DEL CARMEN,1000,0.05,,15
ZUCHINI,VERDURAS,Gastronomia,54achd64fg,86ao0esop6,Activo,2026-04-27,SIN MARCA,804,0,0,K,Si,VERDURAS,,GRANEL,DEL CARMEN,1000,0.05,,4
SACO DE DETERGENTE,ABARROTES,Gastronomia,54achd64fg,86ao0esop6,Activo,2026-04-27,,796,0,0,Sin unidad,No,ABARROTES,,,DEL CARMEN,,,,79
TAMARINDO,ABARROTES,Gastronomia,54achd64fg,86ao0esop6,Activo,2026-04-27,,797,0,0,Sin unidad,No,ABARROTES,,,DEL CARMEN,,,,15
brotes mix,ABARROTES,Gastronomia,54achd64fg,86ao0esop6,Activo,2026-04-27,,798,0,0,Sin unidad,No,ABARROTES,,,DEL CARMEN,,,,4.5
codorniz,ABARROTES,Gastronomia,54achd64fg,86ao0esop6,Activo,2026-04-27,,799,0,0,Sin unidad,No,ABARROTES,,,DEL CARMEN,,,,5
ARROZ BOTAN,ABARROTES,Gastronomia,54achd64fg,86ao0esop6,Activo,2026-04-27,,800,0,0,Sin unidad,No,ABARROTES,,,DEL CARMEN,,,,7.5
PILAS DURACELL AA,ABARROTES,Gastronomia,54achd64fg,86ao0esop6,Activo,2026-04-27,,801,0,0,Sin unidad,No,ABARROTES,,,DEL CARMEN,,,,5
PILAS DURACELL AAA,ABARROTES,Gastronomia,54achd64fg,86ao0esop6,Activo,2026-04-27,,802,0,0,Sin unidad,No,ABARROTES,,,DEL CARMEN,,,,5
ARANDANOS DESHIDRTADOS,ABARROTES,Gastronomia,54achd64fg,86ao0esop6,Activo,2026-04-27,,803,0,0,Sin unidad,No,ABARROTES,,,DEL CARMEN,,,,29
PANELA,ABARROTES,Gastronomia,54achd64fg,86ao0esop6,Activo,2026-04-27,,804,0,0,Sin unidad,No,ABARROTES,,,DEL CARMEN,,,,9.5
CHURRO PICANTE,ABARROTES,Gastronomia,54achd64fg,86ao0esop6,Activo,2026-04-27,,805,0,0,Sin unidad,No,ABARROTES,,,DEL CARMEN,,,,78
ESTERILLA DE BAMBU,ABARROTES,Gastronomia,54achd64fg,86ao0esop6,Activo,2026-04-27,,806,0,0,Sin unidad,No,ABARROTES,,,DEL CARMEN,,,,11
LAVA VAJILLA SAPOLIO,ABARROTES,Gastronomia,54achd64fg,86ao0esop6,Activo,2026-04-27,,807,0,0,Sin unidad,No,ABARROTES,,,DEL CARMEN,,,,5.5
ESPONJA DE ACERO CUADRADA,ABARROTES,Gastronomia,54achd64fg,86ao0esop6,Activo,2026-04-27,,808,0,0,Sin unidad,No,ABARROTES,,,DEL CARMEN,,,,
TAPER X 1L,,Gastronomia,54achd64fg,86ao0esop6,Activo,2026-04-27,,,0,0,U,No,,,PAQUETE X 50 U,DEL CARMEN,,,,
